customer_id,account_id,reporting_month_yyyymm,average_monthly_balance,date_computed
1001,996c1d94,202507,2543.92,2025-08-01
1001,d1d560b3,202507,1605.92,2025-08-01
1002,58b394fa,202507,2051.02,2025-08-01
1002,66525b46,202507,4127.69,2025-08-01
1002,d0d13c20,202507,2429.84,2025-08-01
1003,232bd072,202507,1076.7,2025-08-01
1003,2ff0ae5c,202507,2265.48,2025-08-01
1003,f7484eef,202507,2384.39,2025-08-01
1004,05ef46dd,202507,500.32,2025-08-01
1004,b9ad79f4,202507,3867.48,2025-08-01
1005,23c5f355,202507,2365.59,2025-08-01
1005,a22c7b7a,202507,2630.93,2025-08-01
1006,1457a655,202507,2898.97,2025-08-01
1006,c0b26d5e,202507,2184.49,2025-08-01
1006,dd267b00,202507,2858.07,2025-08-01
1007,17e3650a,202507,4104.24,2025-08-01
1007,7725e740,202507,3989.68,2025-08-01
1007,b920dc9d,202507,5175.74,2025-08-01
1008,770c999e,202507,449.65,2025-08-01
1008,b8b7202b,202507,4142.24,2025-08-01
1008,bbe47d88,202507,4611.74,2025-08-01
1009,c4ba8ae4,202507,965.88,2025-08-01
1010,5ec413a2,202507,1464.71,2025-08-01
1010,6131a775,202507,5482.62,2025-08-01
1011,073cec94,202507,4197.35,2025-08-01
1011,4461a5a1,202507,3816.75,2025-08-01
1011,568238d8,202507,4804.97,2025-08-01
1012,a2ecc68f,202507,3639.5,2025-08-01
1012,ef9405e8,202507,4364.94,2025-08-01
1013,0bff20c7,202507,1945.79,2025-08-01
1013,827a14ea,202507,837.02,2025-08-01
1013,94cd8aad,202507,4058.2,2025-08-01
1014,2639eb40,202507,4890.29,2025-08-01
1014,43ea294b,202507,5079.82,2025-08-01
1015,4d6bf7b6,202507,4686.42,2025-08-01
1015,6569aef9,202507,4257.66,2025-08-01
1015,becf0209,202507,4102.96,2025-08-01
1016,1eb8294f,202507,3255.21,2025-08-01
1016,c5bb5344,202507,5982.63,2025-08-01
1017,051bb518,202507,2504.61,2025-08-01
1017,706831a8,202507,4635.03,2025-08-01
1018,1dff4075,202507,1851.71,2025-08-01
1018,48d9c0f1,202507,4644.07,2025-08-01
1018,f125412a,202507,2252.53,2025-08-01
1019,771b1038,202507,872.12,2025-08-01
1019,78a2fa6c,202507,2540.6,2025-08-01
1020,24faa09b,202507,2537.37,2025-08-01
1020,82d4921e,202507,668.47,2025-08-01
1021,1c032943,202507,3416.25,2025-08-01
1021,4258de7e,202507,551.7,2025-08-01
1021,8c65b0a0,202507,2642.7,2025-08-01
1022,4334e4a4,202507,3219.77,2025-08-01
1023,07820d9d,202507,1071.99,2025-08-01
1023,bbb542c1,202507,2951.02,2025-08-01
1023,fc958fb8,202507,5614.48,2025-08-01
1024,4269a2ec,202507,756.11,2025-08-01
1024,4e4e3ac4,202507,3955.67,2025-08-01
1024,a1031d2b,202507,2023.42,2025-08-01
1025,36a8a48e,202507,1339.47,2025-08-01
1025,9d295ad5,202507,2823.99,2025-08-01
1025,d6d1cb6d,202507,4448.48,2025-08-01
1026,19428c3a,202507,2323.99,2025-08-01
1026,a7c355a1,202507,4313.0,2025-08-01
1027,782eebc5,202507,4774.48,2025-08-01
1027,ea91433f,202507,1441.56,2025-08-01
1028,06f73cef,202507,4429.89,2025-08-01
1028,e30178fe,202507,1341.72,2025-08-01
1029,2aed354d,202507,1891.02,2025-08-01
1029,8beb63ba,202507,1970.36,2025-08-01
1029,b909a0be,202507,2278.38,2025-08-01
1030,686fe242,202507,4791.99,2025-08-01
1030,9ae0ead5,202507,862.75,2025-08-01
1031,05b5b1e3,202507,2685.76,2025-08-01
1032,970ba624,202507,2609.17,2025-08-01
1033,9748c74f,202507,5863.34,2025-08-01
1034,092e585a,202507,3260.61,2025-08-01
1035,1b2b8b6e,202507,5098.07,2025-08-01
1035,78595ea5,202507,3251.68,2025-08-01
1035,c61a79ae,202507,5653.37,2025-08-01
1036,486645a1,202507,3519.71,2025-08-01
1036,c4a86d26,202507,658.69,2025-08-01
1037,2889f15b,202507,5228.21,2025-08-01
1037,46119312,202507,3759.69,2025-08-01
1038,3dedcc1d,202507,4991.27,2025-08-01
1039,f560eac4,202507,3250.98,2025-08-01
1040,bc2b8da9,202507,2976.08,2025-08-01
1041,336d9bd0,202507,6106.82,2025-08-01
1041,b3601038,202507,532.8,2025-08-01
1042,2fc6443c,202507,4464.81,2025-08-01
1042,774e0523,202507,4899.06,2025-08-01
1042,98bba86f,202507,397.86,2025-08-01
1043,295255bb,202507,3031.51,2025-08-01
1043,b523b4a0,202507,1681.48,2025-08-01
1044,2747fba5,202507,2172.35,2025-08-01
1044,63af015a,202507,3374.65,2025-08-01
1044,d6927876,202507,4810.56,2025-08-01
1045,f6e70b9e,202507,4645.27,2025-08-01
1046,3dccbb04,202507,3853.85,2025-08-01
1047,c22681eb,202507,1037.15,2025-08-01
1048,178f81f6,202507,1511.18,2025-08-01
1048,8f9e327d,202507,532.05,2025-08-01
1048,c88bea34,202507,905.25,2025-08-01
1049,60674fc3,202507,3803.12,2025-08-01
1050,f0e56f93,202507,1050.72,2025-08-01
1051,b3ff3bd4,202507,4493.26,2025-08-01
1052,8530233d,202507,1085.72,2025-08-01
1052,c02c7c03,202507,1798.4,2025-08-01
1053,344f4ebb,202507,3343.79,2025-08-01
1053,49f0c578,202507,1357.28,2025-08-01
1053,87116bec,202507,1501.05,2025-08-01
1054,1b9cd6af,202507,1126.76,2025-08-01
1054,5d1f7e41,202507,2670.03,2025-08-01
1055,6e048866,202507,1484.97,2025-08-01
1055,d059d055,202507,1489.67,2025-08-01
1055,f84cf804,202507,2019.59,2025-08-01
1056,186788d6,202507,4106.78,2025-08-01
1056,7439eb36,202507,3075.18,2025-08-01
1056,a9e6e32c,202507,6055.24,2025-08-01
1057,7499a1c4,202507,2205.2,2025-08-01
1058,24aa7316,202507,896.57,2025-08-01
1058,2d77f8b3,202507,1665.84,2025-08-01
1059,090eef1e,202507,4322.6,2025-08-01
1059,83bcfa46,202507,3938.96,2025-08-01
1059,afcf5b10,202507,3487.3,2025-08-01
1060,c66674bc,202507,1925.36,2025-08-01
1061,cde304d3,202507,2232.34,2025-08-01
1062,c973bee6,202507,3966.21,2025-08-01
1062,f8c974be,202507,4855.06,2025-08-01
1063,3a06c236,202507,3680.32,2025-08-01
1064,4caee9d7,202507,1103.49,2025-08-01
1065,b9484ecf,202507,1629.07,2025-08-01
1066,21f9f35f,202507,3934.54,2025-08-01
1066,aa36a765,202507,3084.4,2025-08-01
1067,c4fb8d9c,202507,3263.17,2025-08-01
1068,1f12772e,202507,3328.26,2025-08-01
1068,a0044fb5,202507,5556.08,2025-08-01
1069,6d43ce43,202507,627.31,2025-08-01
1069,bb13813a,202507,4349.76,2025-08-01
1070,c9d79d7f,202507,224.36,2025-08-01
1071,a727fd87,202507,4310.77,2025-08-01
1072,7026e431,202507,1271.73,2025-08-01
1073,8e6b0dbf,202507,987.36,2025-08-01
1074,1136bff4,202507,360.25,2025-08-01
1074,4c5b7f46,202507,3250.39,2025-08-01
1075,4e5d8cd9,202507,2648.71,2025-08-01
1075,8990a2a8,202507,3231.48,2025-08-01
1076,9e25bdf9,202507,4643.98,2025-08-01
1077,31990dd2,202507,2672.85,2025-08-01
1078,81c97b9b,202507,1049.61,2025-08-01
1078,a988958f,202507,1166.99,2025-08-01
1079,1285528b,202507,2564.78,2025-08-01
1079,2ee53729,202507,1432.07,2025-08-01
1080,a3a060cb,202507,2098.69,2025-08-01
1080,b7e2de1d,202507,4636.54,2025-08-01
1081,77b27694,202507,357.13,2025-08-01
1081,d65b2383,202507,975.76,2025-08-01
1082,2278a509,202507,3664.44,2025-08-01
1082,4a494599,202507,4292.45,2025-08-01
1083,29b53987,202507,2937.58,2025-08-01
1083,a4e24ead,202507,1291.43,2025-08-01
1083,ef7f161d,202507,1944.11,2025-08-01
1084,1c690bbd,202507,2998.86,2025-08-01
1085,2bb045a5,202507,4564.92,2025-08-01
1085,df8f19f1,202507,2038.89,2025-08-01
1085,e5980190,202507,1884.38,2025-08-01
1086,387234d3,202507,1668.12,2025-08-01
1086,7fb30eeb,202507,2420.07,2025-08-01
1087,097a6350,202507,754.61,2025-08-01
1087,16f278ba,202507,3482.56,2025-08-01
1087,add7efa6,202507,3668.4,2025-08-01
1088,9e45cf2d,202507,2829.39,2025-08-01
1088,c2109dda,202507,1893.81,2025-08-01
1089,a9c007eb,202507,4625.18,2025-08-01
1090,764d3e48,202507,1603.73,2025-08-01
1090,86727c05,202507,4224.63,2025-08-01
1090,cd946ed2,202507,4367.84,2025-08-01
1091,601c079b,202507,882.28,2025-08-01
1091,d7ddd041,202507,1991.23,2025-08-01
1092,701a9c99,202507,2826.63,2025-08-01
1093,212d8f84,202507,4259.13,2025-08-01
1093,fad217b3,202507,2161.65,2025-08-01
1094,16a63553,202507,4194.63,2025-08-01
1094,b5877d45,202507,4627.87,2025-08-01
1095,5e9974e2,202507,4062.34,2025-08-01
1096,2463bbd2,202507,4327.09,2025-08-01
1096,a88f8ef8,202507,1516.34,2025-08-01
1097,74ef35dc,202507,4317.66,2025-08-01
1097,a1e73544,202507,2738.61,2025-08-01
1097,e17a7873,202507,4551.44,2025-08-01
1098,2d95277c,202507,2804.72,2025-08-01
1099,e7046ce0,202507,1094.5,2025-08-01
1100,07ea3ad6,202507,3206.66,2025-08-01
1101,a1f47afb,202507,2876.55,2025-08-01
1101,e5735770,202507,616.09,2025-08-01
1101,f594ccd1,202507,4128.58,2025-08-01
1102,53d0efc6,202507,1409.02,2025-08-01
1103,0d1c8118,202507,3099.14,2025-08-01
1103,da905b70,202507,774.33,2025-08-01
1104,645ace23,202507,2308.97,2025-08-01
1104,fbc3dc2f,202507,5517.11,2025-08-01
1105,2b67ca5b,202507,2168.55,2025-08-01
1105,e08fd5d6,202507,4210.96,2025-08-01
1106,e75dded6,202507,3145.0,2025-08-01
1107,b4a2b076,202507,1916.66,2025-08-01
1108,7d1b4e9a,202507,2691.18,2025-08-01
1108,ca4ba365,202507,1395.42,2025-08-01
1109,02348e3d,202507,4311.25,2025-08-01
1110,304cb846,202507,1176.9,2025-08-01
1111,32b0c775,202507,820.28,2025-08-01
1111,a55ddf7b,202507,1444.07,2025-08-01
1112,50942f7d,202507,3843.32,2025-08-01
1112,d244f342,202507,398.12,2025-08-01
1113,09b2e130,202507,3655.62,2025-08-01
1113,25608d6d,202507,4360.23,2025-08-01
1113,2fb8d8e6,202507,3698.43,2025-08-01
1114,392cf98f,202507,1058.07,2025-08-01
1115,1695611e,202507,2985.98,2025-08-01
1115,6c1a40cf,202507,3692.35,2025-08-01
1115,da8b0320,202507,244.42,2025-08-01
1116,4d3f842b,202507,4128.18,2025-08-01
1117,45b63851,202507,3640.25,2025-08-01
1117,4705c09a,202507,1350.63,2025-08-01
1117,d5ff50b2,202507,802.34,2025-08-01
1118,63cbaecd,202507,570.24,2025-08-01
1118,a3eaa83e,202507,2303.1,2025-08-01
1118,e166ab4e,202507,3742.45,2025-08-01
1119,799af64a,202507,2916.39,2025-08-01
1120,b4790278,202507,4814.91,2025-08-01
1120,ed40c79e,202507,3448.31,2025-08-01
1120,f7fe6bb2,202507,1609.71,2025-08-01
1121,149e1ff6,202507,3687.04,2025-08-01
1122,477ab122,202507,1948.83,2025-08-01
1122,9f83c535,202507,3437.01,2025-08-01
1122,bdf2e70d,202507,2240.83,2025-08-01
1123,326e09a0,202507,1095.47,2025-08-01
1123,43c4103e,202507,5190.64,2025-08-01
1124,1dafac32,202507,3354.2,2025-08-01
1124,bb41fe2e,202507,3062.91,2025-08-01
1125,49df5fe7,202507,3846.95,2025-08-01
1126,029a7c91,202507,3340.73,2025-08-01
1126,0aec890f,202507,5820.89,2025-08-01
1126,4105f6c6,202507,2931.7,2025-08-01
1127,2100f4d6,202507,2487.68,2025-08-01
1127,6d571623,202507,2981.2,2025-08-01
1127,f678156f,202507,1972.12,2025-08-01
1128,eab2e982,202507,3214.55,2025-08-01
1129,15564194,202507,432.2,2025-08-01
1129,a969b1e9,202507,5964.46,2025-08-01
1130,5b28c2f6,202507,3410.89,2025-08-01
1131,0895e5e0,202507,2159.62,2025-08-01
1132,1f506339,202507,2730.87,2025-08-01
1132,7ec212b6,202507,5926.59,2025-08-01
1133,a41a9f31,202507,4304.7,2025-08-01
1133,a96f5fd4,202507,2798.88,2025-08-01
1133,ce438790,202507,3629.56,2025-08-01
1134,15e8dc44,202507,1904.52,2025-08-01
1134,fb93559d,202507,1955.06,2025-08-01
1135,45f447e8,202507,4763.25,2025-08-01
1136,6d40b28f,202507,1201.15,2025-08-01
1136,8817ce89,202507,658.47,2025-08-01
1137,1aaab085,202507,3347.08,2025-08-01
1137,b24a725f,202507,1140.01,2025-08-01
1137,f70b8f64,202507,2805.03,2025-08-01
1138,5045b504,202507,1404.78,2025-08-01
1138,ca0c4018,202507,1364.93,2025-08-01
1138,e178f286,202507,1758.58,2025-08-01
1139,75911206,202507,2074.82,2025-08-01
1139,a5f74af8,202507,5176.32,2025-08-01
1139,fe5aaa67,202507,3784.46,2025-08-01
1140,dac010f9,202507,808.18,2025-08-01
1140,e97c00a4,202507,4156.27,2025-08-01
1140,fce9a00f,202507,1829.23,2025-08-01
1141,67ad97eb,202507,4760.93,2025-08-01
1142,8eae652b,202507,478.95,2025-08-01
1143,30484c18,202507,3560.02,2025-08-01
1143,57365fb4,202507,5656.74,2025-08-01
1144,dfd40cd7,202507,2461.41,2025-08-01
1144,e23f1f2c,202507,3077.6,2025-08-01
1145,08217677,202507,2820.79,2025-08-01
1145,47add560,202507,4194.17,2025-08-01
1145,67818534,202507,4998.63,2025-08-01
1146,41345aa9,202507,3142.29,2025-08-01
1146,c41c305d,202507,1329.63,2025-08-01
1147,e1ee6f9e,202507,202.27,2025-08-01
1148,5285ec82,202507,1485.11,2025-08-01
1149,16e3d09a,202507,4597.69,2025-08-01
1149,59334fc1,202507,1510.34,2025-08-01
1149,f0e3c58f,202507,2401.17,2025-08-01
1150,00636371,202507,2481.46,2025-08-01
1151,93501660,202507,4140.98,2025-08-01
1152,7e10551b,202507,1070.8,2025-08-01
1153,223540d4,202507,1548.39,2025-08-01
1153,9aa0ca62,202507,5314.81,2025-08-01
1153,c65b5bd7,202507,4306.01,2025-08-01
1154,66c11f2b,202507,2751.36,2025-08-01
1154,95feac05,202507,3837.05,2025-08-01
1155,c65f1389,202507,3561.38,2025-08-01
1156,02bac055,202507,804.2,2025-08-01
1156,30cd7847,202507,5164.16,2025-08-01
1156,e1328c69,202507,4902.34,2025-08-01
1157,4711170a,202507,815.58,2025-08-01
1157,9bb25991,202507,1299.46,2025-08-01
1158,1864518e,202507,2581.9,2025-08-01
1158,6a6d5ece,202507,6265.6,2025-08-01
1159,3853d88d,202507,435.23,2025-08-01
1159,ef289bb9,202507,2958.71,2025-08-01
1160,45f42cab,202507,4169.76,2025-08-01
1160,ae3a9a49,202507,1968.22,2025-08-01
1160,bb62983e,202507,4090.19,2025-08-01
1161,3a38af3a,202507,5342.7,2025-08-01
1161,b02619a9,202507,2883.69,2025-08-01
1162,1558045c,202507,2276.36,2025-08-01
1162,b8b98389,202507,1820.92,2025-08-01
1163,62f655ec,202507,3513.76,2025-08-01
1164,53cab2d5,202507,1914.34,2025-08-01
1164,63b1b881,202507,526.74,2025-08-01
1164,b8fac0af,202507,3823.48,2025-08-01
1165,0ec1d10e,202507,1692.77,2025-08-01
1165,e3fdc670,202507,6638.64,2025-08-01
1166,14c2113b,202507,1528.67,2025-08-01
1166,43fa9446,202507,2116.6,2025-08-01
1166,d312ea50,202507,1802.87,2025-08-01
1167,639965e0,202507,4500.73,2025-08-01
1168,37971e1b,202507,4681.58,2025-08-01
1168,9412e873,202507,2690.72,2025-08-01
1169,eef15791,202507,592.77,2025-08-01
1170,3c3ccb6e,202507,5650.63,2025-08-01
1170,cad3a855,202507,6275.35,2025-08-01
1170,f71c2d99,202507,2987.98,2025-08-01
1171,841386e0,202507,3418.97,2025-08-01
1172,05268b74,202507,2255.41,2025-08-01
1172,be98207e,202507,4344.35,2025-08-01
1173,9a340981,202507,3401.39,2025-08-01
1174,152c23f7,202507,4061.55,2025-08-01
1174,9513f86c,202507,3318.41,2025-08-01
1174,96b1151f,202507,3732.89,2025-08-01
1175,059bda43,202507,3990.41,2025-08-01
1176,a79fd879,202507,5192.25,2025-08-01
1177,5443cf11,202507,1297.04,2025-08-01
1177,7685ea29,202507,2670.87,2025-08-01
1177,e65b16e8,202507,3464.7,2025-08-01
1178,5adc5a72,202507,3710.17,2025-08-01
1179,1180dde4,202507,3124.64,2025-08-01
1179,8d91d43a,202507,3648.72,2025-08-01
1180,d43a9afb,202507,3321.21,2025-08-01
1181,0d223ae8,202507,4036.79,2025-08-01
1181,df8c6e28,202507,5622.75,2025-08-01
1182,0e499c45,202507,2856.53,2025-08-01
1182,14e281c9,202507,2153.33,2025-08-01
1183,63105028,202507,2408.72,2025-08-01
1183,f9cae46e,202507,2201.25,2025-08-01
1184,933b8364,202507,328.92,2025-08-01
1185,74315c68,202507,3434.18,2025-08-01
1185,8d34402c,202507,1982.23,2025-08-01
1186,6ae3b808,202507,3356.64,2025-08-01
1186,c4be9098,202507,3538.27,2025-08-01
1186,fe083c0e,202507,2998.28,2025-08-01
1187,2472e3b1,202507,478.68,2025-08-01
1188,65f81956,202507,2798.26,2025-08-01
1189,20a345d5,202507,4675.7,2025-08-01
1189,764908da,202507,419.54,2025-08-01
1189,bc4fdccf,202507,2185.12,2025-08-01
1190,1aac3088,202507,5046.77,2025-08-01
1190,ac1215ad,202507,2639.12,2025-08-01
1190,cd5c917b,202507,1292.28,2025-08-01
1191,025788c3,202507,4037.67,2025-08-01
1191,4413acee,202507,930.34,2025-08-01
1191,79ade448,202507,5341.39,2025-08-01
1192,c97de3a2,202507,4406.79,2025-08-01
1193,8d09d025,202507,3870.93,2025-08-01
1193,f4cd3462,202507,3302.66,2025-08-01
1193,f9685b7b,202507,4943.37,2025-08-01
1194,1af0409e,202507,4663.6,2025-08-01
1194,a37e796b,202507,414.91,2025-08-01
1194,cf016455,202507,4603.0,2025-08-01
1195,2ff43eb6,202507,2499.81,2025-08-01
1195,47bfae21,202507,4892.28,2025-08-01
1196,9503708a,202507,3127.86,2025-08-01
1196,a019fa2a,202507,1507.18,2025-08-01
1196,e6621b43,202507,1415.59,2025-08-01
1197,610d4e9d,202507,4275.84,2025-08-01
1198,540a2e15,202507,1311.74,2025-08-01
1199,2c591922,202507,4640.54,2025-08-01
1200,38b7ee6f,202507,2484.8,2025-08-01
1200,c9060eac,202507,4277.95,2025-08-01
1201,38827b0d,202507,3470.68,2025-08-01
1201,3b7b5e00,202507,2590.22,2025-08-01
1201,a6c8c84e,202507,351.6,2025-08-01
1202,2b716065,202507,1981.58,2025-08-01
1203,05abf8bb,202507,3019.23,2025-08-01
1203,e1515ed5,202507,2655.6,2025-08-01
1204,0d63329b,202507,1793.51,2025-08-01
1205,01ab5171,202507,422.93,2025-08-01
1205,3f5aefb5,202507,4356.37,2025-08-01
1206,b7cd909a,202507,896.3,2025-08-01
1206,d090bbea,202507,4131.83,2025-08-01
1206,f99a8b0b,202507,5130.9,2025-08-01
1207,68e844bb,202507,4747.86,2025-08-01
1207,8e5318ed,202507,2354.56,2025-08-01
1207,dd65299a,202507,744.41,2025-08-01
1208,845b4f7a,202507,4729.55,2025-08-01
1209,3e2cf205,202507,2926.13,2025-08-01
1209,876cf55c,202507,1791.25,2025-08-01
1210,cdb12ee1,202507,3056.1,2025-08-01
1211,846614bb,202507,5068.39,2025-08-01
1211,eba9fc42,202507,3321.94,2025-08-01
1212,46fe668b,202507,3476.72,2025-08-01
1212,840a767b,202507,3337.97,2025-08-01
1212,cb15c76c,202507,1369.89,2025-08-01
1213,6d998771,202507,2365.39,2025-08-01
1213,fb4fa317,202507,1670.17,2025-08-01
1214,fb9e3102,202507,2888.61,2025-08-01
1215,c7815c6d,202507,579.62,2025-08-01
1216,16732ff2,202507,4827.5,2025-08-01
1217,11e066cf,202507,3774.78,2025-08-01
1217,69acf320,202507,2347.35,2025-08-01
1217,db6a37d7,202507,3636.5,2025-08-01
1218,1a64c5c4,202507,2130.74,2025-08-01
1218,5f8575f8,202507,5782.45,2025-08-01
1219,0e7f3216,202507,3364.46,2025-08-01
1219,9047dfff,202507,4448.08,2025-08-01
1219,d9d8e680,202507,1699.05,2025-08-01
1220,17a58a44,202507,4728.57,2025-08-01
1220,501459bf,202507,1475.43,2025-08-01
1221,4b248dff,202507,2045.57,2025-08-01
1221,77b3afca,202507,4624.86,2025-08-01
1221,ef7b61bf,202507,4292.37,2025-08-01
1222,1a765b7a,202507,1315.89,2025-08-01
1222,c3a3973a,202507,1587.19,2025-08-01
1223,b9455eab,202507,2306.64,2025-08-01
1224,587db842,202507,1826.54,2025-08-01
1225,2ae6f96d,202507,2179.74,2025-08-01
1226,50e66eb1,202507,2108.7,2025-08-01
1226,941a255a,202507,981.59,2025-08-01
1227,0bf3b1d9,202507,5463.8,2025-08-01
1227,c6f8101d,202507,5016.23,2025-08-01
1228,11978036,202507,873.88,2025-08-01
1228,1b32653e,202507,1806.31,2025-08-01
1228,302c2dc8,202507,3482.82,2025-08-01
1229,918520be,202507,2757.39,2025-08-01
1229,ace6552f,202507,1483.41,2025-08-01
1229,cd8bb7b3,202507,2087.92,2025-08-01
1230,e4c80009,202507,3414.66,2025-08-01
1231,5092faf9,202507,4618.61,2025-08-01
1231,5f3cb236,202507,1837.03,2025-08-01
1232,b20dd356,202507,2073.09,2025-08-01
1233,5250061b,202507,1303.67,2025-08-01
1233,5e53933f,202507,4285.11,2025-08-01
1233,ec86851f,202507,2012.3,2025-08-01
1234,0c1f5083,202507,3532.56,2025-08-01
1234,9d7e6895,202507,4623.94,2025-08-01
1234,a154c712,202507,1773.11,2025-08-01
1235,caf4a4fa,202507,2756.39,2025-08-01
1236,51c9aa98,202507,1318.07,2025-08-01
1236,bce630f5,202507,4844.63,2025-08-01
1236,c244987f,202507,3355.8,2025-08-01
1237,6ebf0a4a,202507,804.93,2025-08-01
1237,fae0d9b6,202507,1367.6,2025-08-01
1237,fbc703f7,202507,2188.25,2025-08-01
1238,825f8dcf,202507,3290.26,2025-08-01
1239,1d11c276,202507,4666.88,2025-08-01
1239,504a1329,202507,2846.97,2025-08-01
1240,3633f554,202507,4747.24,2025-08-01
1240,70fc5e5e,202507,1677.95,2025-08-01
1241,05c6a7ea,202507,4111.39,2025-08-01
1241,25a75e08,202507,2363.69,2025-08-01
1241,5f04f36b,202507,3052.53,2025-08-01
1242,21d02a10,202507,4949.2,2025-08-01
1243,5096313a,202507,3712.2,2025-08-01
1243,d3a0f36a,202507,2480.86,2025-08-01
1244,3e48919b,202507,4418.61,2025-08-01
1245,8cbf0b57,202507,3953.52,2025-08-01
1245,b1f00f45,202507,3750.47,2025-08-01
1246,e39b9d8c,202507,3153.75,2025-08-01
1247,deb86353,202507,2339.38,2025-08-01
1247,e5ffcbc5,202507,3905.34,2025-08-01
1248,d8810f83,202507,1530.3,2025-08-01
1249,15d7d29e,202507,5178.93,2025-08-01
1250,3dcfaab1,202507,4542.49,2025-08-01
1250,d8502dd5,202507,2904.13,2025-08-01
1251,1a40a034,202507,1555.98,2025-08-01
1252,d1b863c1,202507,3218.75,2025-08-01
1253,7d431bce,202507,3134.42,2025-08-01
1254,16306c2f,202507,1121.4,2025-08-01
1254,62d10cfe,202507,5447.52,2025-08-01
1255,aa03ea55,202507,1957.57,2025-08-01
1255,d80c12ea,202507,2775.42,2025-08-01
1256,07bf9738,202507,2995.21,2025-08-01
1256,137c5416,202507,3217.2,2025-08-01
1256,ccd58c50,202507,3056.24,2025-08-01
1257,c734e845,202507,1728.55,2025-08-01
1258,c0ba52e6,202507,4162.44,2025-08-01
1259,558fc2df,202507,4965.76,2025-08-01
1259,b7157501,202507,1451.45,2025-08-01
1259,d43770da,202507,2649.4,2025-08-01
1260,1d528058,202507,1641.85,2025-08-01
1260,b4254924,202507,2294.47,2025-08-01
1260,ca9ccc19,202507,4664.28,2025-08-01
1261,20c1c6d3,202507,1841.76,2025-08-01
1262,50feb029,202507,1119.99,2025-08-01
1262,9a3bd6e0,202507,734.51,2025-08-01
1262,d55eafc6,202507,2556.72,2025-08-01
1263,00b311e8,202507,2641.56,2025-08-01
1264,a12c488c,202507,2427.51,2025-08-01
1265,8a405af3,202507,3872.73,2025-08-01
1266,8e011b20,202507,3257.59,2025-08-01
1267,5882331f,202507,844.9,2025-08-01
1267,daacb2d2,202507,4335.98,2025-08-01
1267,fe7f9de6,202507,1607.56,2025-08-01
1268,aac7a990,202507,2669.57,2025-08-01
1269,e9cd7534,202507,846.19,2025-08-01
1270,7f833752,202507,3645.24,2025-08-01
1270,d875b9cf,202507,3295.81,2025-08-01
1271,dc0d1dd9,202507,1088.29,2025-08-01
1271,efb13b7a,202507,1665.47,2025-08-01
1272,1444cbd8,202507,4731.87,2025-08-01
1272,cd3bb8da,202507,1510.03,2025-08-01
1272,da96b03b,202507,2197.11,2025-08-01
1273,61af8c43,202507,2441.59,2025-08-01
1273,a23e5489,202507,6040.01,2025-08-01
1274,244ce511,202507,2846.79,2025-08-01
1274,43a6b7ee,202507,2043.25,2025-08-01
1274,6972e1a6,202507,1429.38,2025-08-01
1275,3b50ae07,202507,3925.08,2025-08-01
1275,7000e325,202507,2884.82,2025-08-01
1275,b1648732,202507,1546.19,2025-08-01
1276,6a3c6054,202507,2122.78,2025-08-01
1277,a9d2b5bf,202507,2856.04,2025-08-01
1278,486b2722,202507,1791.49,2025-08-01
1278,b9d4e355,202507,2482.72,2025-08-01
1278,f230a35f,202507,1187.24,2025-08-01
1279,76f085b3,202507,5912.07,2025-08-01
1279,cef1f481,202507,2472.74,2025-08-01
1280,c4792d45,202507,3243.35,2025-08-01
1280,e034d92f,202507,2893.18,2025-08-01
1281,4e05ff9b,202507,952.68,2025-08-01
1281,853b1078,202507,752.93,2025-08-01
1281,92b8759c,202507,448.06,2025-08-01
1282,461fa192,202507,2485.6,2025-08-01
1283,4990a639,202507,3225.49,2025-08-01
1283,5db88c63,202507,3647.06,2025-08-01
1284,a9fcfec1,202507,3169.83,2025-08-01
1284,f3edfb14,202507,569.44,2025-08-01
1285,03d0da6d,202507,2898.89,2025-08-01
1285,0a08c631,202507,3148.66,2025-08-01
1285,95d83a09,202507,2218.79,2025-08-01
1286,128eb5bc,202507,936.75,2025-08-01
1287,2cb28fa6,202507,881.73,2025-08-01
1287,6919acb2,202507,1049.92,2025-08-01
1287,d2c5c18b,202507,351.15,2025-08-01
1288,66ac144c,202507,4350.3,2025-08-01
1288,e869d9b6,202507,2562.51,2025-08-01
1288,f8e62c76,202507,756.99,2025-08-01
1289,ebb0a7ca,202507,4084.41,2025-08-01
1289,f0bc61f4,202507,3778.67,2025-08-01
1290,16719ade,202507,2531.08,2025-08-01
1290,85e9419c,202507,3225.63,2025-08-01
1291,4476d622,202507,569.55,2025-08-01
1291,889b863f,202507,4726.23,2025-08-01
1291,a2ec45d8,202507,1504.92,2025-08-01
1292,6c690a22,202507,3528.1,2025-08-01
1293,3729944c,202507,2224.93,2025-08-01
1293,a69606f8,202507,3755.96,2025-08-01
1293,e088bbd1,202507,1030.59,2025-08-01
1294,617d26f5,202507,5462.82,2025-08-01
1295,77daf75a,202507,2193.04,2025-08-01
1295,baea2a56,202507,2955.81,2025-08-01
1295,ee7959ab,202507,1269.94,2025-08-01
1296,9a08d688,202507,2597.81,2025-08-01
1297,6b28a1f7,202507,5249.09,2025-08-01
1298,8d4d2040,202507,1900.97,2025-08-01
1299,7fe8be8c,202507,4310.09,2025-08-01
1299,d33e8782,202507,3477.54,2025-08-01
1300,f183d497,202507,2239.06,2025-08-01
1301,a1f38132,202507,2889.16,2025-08-01
1301,b72b068e,202507,3076.11,2025-08-01
1301,ef05c0d5,202507,1165.32,2025-08-01
1302,015341a5,202507,1221.98,2025-08-01
1303,b1f4c3be,202507,465.32,2025-08-01
1303,dc6f9e5d,202507,4173.04,2025-08-01
1303,f2ccd631,202507,5717.0,2025-08-01
1304,94bfde3d,202507,377.47,2025-08-01
1304,dd28ba7c,202507,4697.85,2025-08-01
1304,fe26752f,202507,2610.22,2025-08-01
1305,5f28d823,202507,5510.86,2025-08-01
1305,b9a25626,202507,1001.16,2025-08-01
1306,1aaea37d,202507,1148.0,2025-08-01
1306,ff0cc37e,202507,2825.86,2025-08-01
1307,441aaf07,202507,2419.47,2025-08-01
1308,0a7c1820,202507,2757.45,2025-08-01
1308,299f2f0d,202507,2495.07,2025-08-01
1309,2ffc2159,202507,4509.24,2025-08-01
1310,0ed7816e,202507,3162.47,2025-08-01
1311,383dd853,202507,3249.58,2025-08-01
1311,80bf99f6,202507,471.92,2025-08-01
1312,0a6b97ea,202507,5039.5,2025-08-01
1312,e4e65cef,202507,2530.89,2025-08-01
1313,3781d48a,202507,1728.28,2025-08-01
1313,4271e0a6,202507,3581.73,2025-08-01
1314,31035d7e,202507,3918.36,2025-08-01
1314,ed6fe0c9,202507,482.73,2025-08-01
1315,13453039,202507,7017.19,2025-08-01
1315,2fd77a78,202507,5757.2,2025-08-01
1315,f4de204f,202507,3369.99,2025-08-01
1316,f8d2b27c,202507,4004.73,2025-08-01
1317,70a70c59,202507,2708.72,2025-08-01
1317,ea13f73e,202507,292.87,2025-08-01
1318,62a2be5e,202507,3259.7,2025-08-01
1318,68fcd5d3,202507,4547.45,2025-08-01
1319,4061eb68,202507,4983.46,2025-08-01
1319,edd3a56f,202507,1224.32,2025-08-01
1320,71969cbd,202507,2482.47,2025-08-01
1321,73233942,202507,2036.98,2025-08-01
1321,b68f17ab,202507,2262.14,2025-08-01
1322,56031f74,202507,3111.85,2025-08-01
1322,7f6bfdb2,202507,3218.32,2025-08-01
1323,daf92380,202507,5051.26,2025-08-01
1324,2b1a1e3d,202507,2183.64,2025-08-01
1324,bae5c65e,202507,4407.85,2025-08-01
1325,98d82baa,202507,2030.63,2025-08-01
1326,5c39a472,202507,4703.27,2025-08-01
1326,a3a68673,202507,670.83,2025-08-01
1326,bb7216a2,202507,3476.67,2025-08-01
1327,4bdf7338,202507,6211.57,2025-08-01
1328,bd47165c,202507,3408.2,2025-08-01
1328,cac0e3da,202507,1030.53,2025-08-01
1328,de2c7544,202507,3062.56,2025-08-01
1329,a694f6d4,202507,787.68,2025-08-01
1329,d611cebf,202507,3146.64,2025-08-01
1330,36c496f1,202507,3062.14,2025-08-01
1330,395e9ea1,202507,3430.79,2025-08-01
1330,e5f3fe42,202507,5602.56,2025-08-01
1331,dff37634,202507,1776.8,2025-08-01
1332,c2fe9702,202507,1191.62,2025-08-01
1333,8a89ebc8,202507,2146.66,2025-08-01
1333,e3f2d441,202507,748.84,2025-08-01
1333,fe862458,202507,3965.11,2025-08-01
1334,0ecd3240,202507,5782.74,2025-08-01
1334,7a842872,202507,1297.82,2025-08-01
1334,ca7a6156,202507,497.28,2025-08-01
1335,6f0f635e,202507,1205.3,2025-08-01
1336,b2acecbe,202507,3463.59,2025-08-01
1336,d0c9263e,202507,915.34,2025-08-01
1337,6aaa0da7,202507,4927.42,2025-08-01
1337,a86f9f93,202507,2002.21,2025-08-01
1338,59cb0983,202507,3620.01,2025-08-01
1339,ddd69526,202507,695.01,2025-08-01
1339,eb190a4c,202507,2994.66,2025-08-01
1340,79688e76,202507,437.84,2025-08-01
1340,bfe3b075,202507,4346.71,2025-08-01
1340,f353505c,202507,1159.04,2025-08-01
1341,3eb1fa62,202507,4289.02,2025-08-01
1341,7c654bfd,202507,3735.01,2025-08-01
1342,9bcc7a18,202507,937.34,2025-08-01
1342,bd60e347,202507,2344.25,2025-08-01
1343,42a4b251,202507,2402.48,2025-08-01
1343,837e8eb9,202507,2258.23,2025-08-01
1344,08a4f86d,202507,2331.67,2025-08-01
1344,79d7e564,202507,1381.12,2025-08-01
1345,61f4333f,202507,1287.47,2025-08-01
1345,65fd5745,202507,282.04,2025-08-01
1345,958229e8,202507,3641.09,2025-08-01
1346,41ed2e45,202507,4274.25,2025-08-01
1347,7f34622f,202507,5259.82,2025-08-01
1347,a3329326,202507,2820.38,2025-08-01
1347,a94a9b1f,202507,1251.13,2025-08-01
1348,70304063,202507,1264.68,2025-08-01
1348,c509d16f,202507,2303.3,2025-08-01
1348,c7d9104f,202507,1044.39,2025-08-01
1349,bcce1995,202507,3965.06,2025-08-01
1350,8aecdc37,202507,3809.59,2025-08-01
1351,21315916,202507,2601.35,2025-08-01
1351,8104d528,202507,3186.26,2025-08-01
1352,1990f084,202507,432.72,2025-08-01
1353,c4c3e7e4,202507,998.66,2025-08-01
1353,d8ca0232,202507,2891.91,2025-08-01
1354,41ab482d,202507,721.57,2025-08-01
1355,15ba6a92,202507,6047.21,2025-08-01
1355,662f63eb,202507,3771.88,2025-08-01
1356,c47bc536,202507,992.76,2025-08-01
1357,64cbb4fe,202507,3345.65,2025-08-01
1357,8c78bb38,202507,2181.39,2025-08-01
1358,f6ad612d,202507,2244.63,2025-08-01
1359,2847df57,202507,2995.78,2025-08-01
1359,a8b1f5f9,202507,1591.41,2025-08-01
1359,d24db03a,202507,2950.46,2025-08-01
1360,0d21d2d4,202507,4732.75,2025-08-01
1360,0de32c27,202507,6913.18,2025-08-01
1360,986a9621,202507,4690.01,2025-08-01
1361,2d206af2,202507,5002.38,2025-08-01
1361,590d3761,202507,5148.49,2025-08-01
1361,e1b26d13,202507,5057.02,2025-08-01
1362,1b1b20ec,202507,4327.21,2025-08-01
1362,3a14b49c,202507,1245.62,2025-08-01
1362,54d1454d,202507,1539.17,2025-08-01
1363,294577e7,202507,3180.69,2025-08-01
1363,d884a7d3,202507,877.04,2025-08-01
1364,3af55925,202507,2747.09,2025-08-01
1364,53363776,202507,4514.33,2025-08-01
1364,e8467e3e,202507,2235.57,2025-08-01
1365,701c4ea2,202507,415.06,2025-08-01
1365,9cf8876e,202507,4057.9,2025-08-01
1366,2bf86843,202507,2311.16,2025-08-01
1366,5112b18d,202507,3664.24,2025-08-01
1366,e9804713,202507,3308.97,2025-08-01
1367,2c06189a,202507,2568.89,2025-08-01
1367,4181be63,202507,2857.24,2025-08-01
1367,c36c2ba5,202507,2886.61,2025-08-01
1368,5ce22d2f,202507,273.87,2025-08-01
1368,a1930a58,202507,3685.1,2025-08-01
1369,34f989e4,202507,1789.54,2025-08-01
1369,c3eb79c2,202507,3476.25,2025-08-01
1370,5ce3b587,202507,387.97,2025-08-01
1370,95a282b4,202507,2738.64,2025-08-01
1370,dda14c39,202507,5041.7,2025-08-01
1371,6abfb207,202507,2119.83,2025-08-01
1371,9683a756,202507,2827.55,2025-08-01
1371,a1bf7e34,202507,6174.29,2025-08-01
1372,c5cd8b74,202507,272.95,2025-08-01
1372,ce336868,202507,3304.44,2025-08-01
1372,e9209fe5,202507,5234.6,2025-08-01
1373,987c0fcf,202507,4458.92,2025-08-01
1373,e705c804,202507,3368.95,2025-08-01
1374,0496c35b,202507,3873.62,2025-08-01
1374,1ef4e462,202507,4569.13,2025-08-01
1374,45dc1503,202507,1896.35,2025-08-01
1375,44ba4bf7,202507,1653.99,2025-08-01
1375,d6c3e26d,202507,3144.27,2025-08-01
1376,bd637d3c,202507,3881.13,2025-08-01
1376,c4439c7a,202507,5553.49,2025-08-01
1377,182f5062,202507,631.32,2025-08-01
1377,a2e3abac,202507,6014.32,2025-08-01
1377,f30922a8,202507,4182.23,2025-08-01
1378,2fcca284,202507,3593.62,2025-08-01
1378,306a090c,202507,3700.78,2025-08-01
1379,13c87ed7,202507,4735.51,2025-08-01
1379,2c5ee550,202507,1292.64,2025-08-01
1380,209e8b8e,202507,3516.72,2025-08-01
1380,5cbf670c,202507,1496.5,2025-08-01
1380,aee78e6e,202507,4941.39,2025-08-01
1381,2e62877e,202507,1369.88,2025-08-01
1381,8036f4b6,202507,1757.12,2025-08-01
1381,baef5c05,202507,2770.17,2025-08-01
1382,0c18563a,202507,3612.53,2025-08-01
1382,595542d0,202507,4043.83,2025-08-01
1383,7f467087,202507,3498.74,2025-08-01
1384,b869d797,202507,4652.99,2025-08-01
1384,f87bcdfb,202507,2650.9,2025-08-01
1385,30efdce1,202507,5251.78,2025-08-01
1385,64daece8,202507,6823.95,2025-08-01
1385,c9619490,202507,1258.14,2025-08-01
1386,b73330ce,202507,4046.88,2025-08-01
1386,eabe434a,202507,2563.31,2025-08-01
1387,3b1e0084,202507,2245.4,2025-08-01
1387,6db41091,202507,3019.97,2025-08-01
1388,2921a72d,202507,3051.63,2025-08-01
1388,372cfaa0,202507,4876.58,2025-08-01
1389,425d7898,202507,1334.55,2025-08-01
1389,b8941631,202507,3534.74,2025-08-01
1390,316dc8d6,202507,4544.09,2025-08-01
1390,38e9205b,202507,1717.89,2025-08-01
1390,55e758ea,202507,4344.29,2025-08-01
1391,29e189b9,202507,2480.82,2025-08-01
1391,86f59acf,202507,2538.68,2025-08-01
1391,f12411aa,202507,3314.78,2025-08-01
1392,731302a4,202507,1978.81,2025-08-01
1393,181d8e06,202507,3645.01,2025-08-01
1393,79969e76,202507,5924.87,2025-08-01
1393,e5833165,202507,5017.91,2025-08-01
1394,3b177745,202507,587.26,2025-08-01
1394,f7762a8f,202507,5479.78,2025-08-01
1395,07ef4735,202507,4101.41,2025-08-01
1395,360f60bc,202507,1744.65,2025-08-01
1395,c2caf2d4,202507,3218.74,2025-08-01
1396,3e5c6e86,202507,1193.56,2025-08-01
1396,b73ee7f0,202507,352.91,2025-08-01
1397,06a35527,202507,4204.66,2025-08-01
1397,24ad2d4b,202507,1952.27,2025-08-01
1397,622e3f39,202507,691.04,2025-08-01
1398,a39c53b2,202507,3245.94,2025-08-01
1399,11d9c7d6,202507,6383.32,2025-08-01
1399,ab60ed2c,202507,4092.97,2025-08-01
1400,5fe8d91a,202507,1981.82,2025-08-01
1401,18f9b2cc,202507,3410.43,2025-08-01
1401,7c45518d,202507,3796.82,2025-08-01
1402,224be2e7,202507,2195.71,2025-08-01
1403,49d86f51,202507,837.1,2025-08-01
1403,6bc3386f,202507,3530.23,2025-08-01
1403,dd00248e,202507,3080.03,2025-08-01
1404,1808bced,202507,2475.27,2025-08-01
1404,9cc7dc50,202507,3575.54,2025-08-01
1404,e867c8d0,202507,2522.1,2025-08-01
1405,0caf47c1,202507,3029.69,2025-08-01
1405,445366b2,202507,1724.03,2025-08-01
1406,32ae2c93,202507,2964.47,2025-08-01
1407,444c55e2,202507,322.91,2025-08-01
1407,4a21ed62,202507,1924.67,2025-08-01
1407,c6dc6332,202507,1433.1,2025-08-01
1408,7f61b9c8,202507,4176.87,2025-08-01
1409,26e56ac1,202507,3545.55,2025-08-01
1409,a5d4e2ba,202507,5967.4,2025-08-01
1409,de6579bd,202507,4945.53,2025-08-01
1410,2f505216,202507,2356.41,2025-08-01
1410,a9e2f543,202507,5338.01,2025-08-01
1411,0edb9326,202507,895.41,2025-08-01
1411,656dfb28,202507,538.06,2025-08-01
1411,fd88185e,202507,3207.58,2025-08-01
1412,896f0877,202507,3068.98,2025-08-01
1412,93d500e3,202507,390.49,2025-08-01
1412,a6ece3a5,202507,4370.78,2025-08-01
1413,23033af4,202507,834.12,2025-08-01
1413,2a45cf84,202507,2359.77,2025-08-01
1413,e6246590,202507,2988.31,2025-08-01
1414,7b0084a3,202507,2692.91,2025-08-01
1414,c625afe2,202507,4657.93,2025-08-01
1414,e02d8a1f,202507,3509.31,2025-08-01
1415,3dea2bf5,202507,4143.94,2025-08-01
1415,662fb60f,202507,1678.13,2025-08-01
1415,fa0635d9,202507,529.22,2025-08-01
1416,b151427c,202507,1523.42,2025-08-01
1416,b229597b,202507,4766.3,2025-08-01
1417,fcddc24d,202507,278.37,2025-08-01
1418,35904343,202507,888.72,2025-08-01
1418,93b59046,202507,2667.81,2025-08-01
1418,9b95b450,202507,1462.65,2025-08-01
1419,e6a795c7,202507,4316.24,2025-08-01
1420,a44143ef,202507,3738.06,2025-08-01
1421,967e4277,202507,1039.45,2025-08-01
1422,84f4cd0f,202507,2717.77,2025-08-01
1423,764ccb61,202507,2577.81,2025-08-01
1423,e66574d9,202507,3740.36,2025-08-01
1423,f3b93883,202507,652.31,2025-08-01
1424,030648e1,202507,2447.71,2025-08-01
1424,b1e8cea6,202507,3125.29,2025-08-01
1424,cf750c49,202507,1281.34,2025-08-01
1425,9760cc9b,202507,4714.56,2025-08-01
1425,9afbbf5f,202507,980.12,2025-08-01
1425,c6147abf,202507,1088.42,2025-08-01
1426,83a685ea,202507,3036.75,2025-08-01
1426,e812fd1e,202507,2493.24,2025-08-01
1427,691a07f6,202507,3397.66,2025-08-01
1427,d90212ce,202507,990.32,2025-08-01
1427,fa543eba,202507,3953.12,2025-08-01
1428,175db8a9,202507,3606.51,2025-08-01
1429,59d5ace1,202507,2245.82,2025-08-01
1429,6083880f,202507,3151.51,2025-08-01
1429,ba7faded,202507,1111.57,2025-08-01
1430,549d6518,202507,2999.9,2025-08-01
1431,565d05b8,202507,5270.44,2025-08-01
1431,9d68f7b8,202507,4607.79,2025-08-01
1431,d709b455,202507,1339.25,2025-08-01
1432,7c1ea61b,202507,3876.17,2025-08-01
1432,e76e2ced,202507,4991.87,2025-08-01
1433,28856a1c,202507,2379.88,2025-08-01
1433,9b891e0c,202507,5688.65,2025-08-01
1433,a0874dd6,202507,3212.37,2025-08-01
1434,dfbfb662,202507,3443.08,2025-08-01
1435,32805b77,202507,3253.58,2025-08-01
1436,6cfc9f01,202507,642.52,2025-08-01
1437,8363877a,202507,917.27,2025-08-01
1437,ace5fb63,202507,2266.53,2025-08-01
1437,c39a4a92,202507,2034.73,2025-08-01
1438,2d3d2b3c,202507,2645.76,2025-08-01
1438,87405ebc,202507,5559.55,2025-08-01
1438,bb7a8f1a,202507,4062.95,2025-08-01
1439,ac518f88,202507,5039.77,2025-08-01
1440,ba9d8d12,202507,1331.86,2025-08-01
1441,86c88f6e,202507,3850.16,2025-08-01
1441,bc978728,202507,1536.75,2025-08-01
1442,22a170f4,202507,4955.9,2025-08-01
1442,a0d974ef,202507,3777.88,2025-08-01
1443,33687991,202507,500.04,2025-08-01
1443,e9809135,202507,1142.86,2025-08-01
1443,fff7f7d6,202507,2727.65,2025-08-01
1444,42cd9bad,202507,5463.91,2025-08-01
1444,6cc25e0f,202507,4914.13,2025-08-01
1444,f576e006,202507,4283.33,2025-08-01
1445,0466947f,202507,1819.11,2025-08-01
1446,0d595ada,202507,2276.51,2025-08-01
1446,13f7ed64,202507,2859.45,2025-08-01
1446,f5544907,202507,2520.35,2025-08-01
1447,24acd3a1,202507,2703.13,2025-08-01
1447,9a2f1b36,202507,5356.63,2025-08-01
1448,12082f78,202507,2122.83,2025-08-01
1448,8262f329,202507,2137.38,2025-08-01
1449,04666e5c,202507,2739.84,2025-08-01
1449,17931523,202507,889.33,2025-08-01
1450,1fa29c91,202507,2116.51,2025-08-01
1451,69324df7,202507,4413.32,2025-08-01
1451,6efdfa62,202507,249.16,2025-08-01
1451,e3a25e20,202507,2457.95,2025-08-01
1452,26b1e83a,202507,2472.77,2025-08-01
1453,6f595783,202507,5671.23,2025-08-01
1453,990f28dc,202507,1742.68,2025-08-01
1453,d569b278,202507,4381.11,2025-08-01
1454,4edcfedd,202507,4895.23,2025-08-01
1454,d87a7983,202507,4658.86,2025-08-01
1455,54cf1042,202507,4005.04,2025-08-01
1455,9a02da0a,202507,811.92,2025-08-01
1456,87c43c5d,202507,5762.64,2025-08-01
1457,018fcbcc,202507,2133.17,2025-08-01
1457,724273d9,202507,2553.98,2025-08-01
1457,a4afc6b7,202507,289.33,2025-08-01
1458,050b993e,202507,1668.83,2025-08-01
1458,d25d5789,202507,4643.76,2025-08-01
1459,02247d48,202507,4618.65,2025-08-01
1459,6fad4c10,202507,4312.88,2025-08-01
1459,7161cd93,202507,1010.33,2025-08-01
1460,b1645697,202507,498.7,2025-08-01
1461,f8f1f58c,202507,316.25,2025-08-01
1462,1ae151e8,202507,2541.99,2025-08-01
1462,b9f30e65,202507,3619.63,2025-08-01
1462,dbf1c2b0,202507,2799.52,2025-08-01
1463,34598641,202507,1821.66,2025-08-01
1464,439f05eb,202507,795.25,2025-08-01
1464,a1ce107b,202507,5910.1,2025-08-01
1464,b2897b5a,202507,1972.43,2025-08-01
1465,a182bee0,202507,4438.57,2025-08-01
1465,d3aa4007,202507,2808.86,2025-08-01
1466,c7b52aac,202507,3015.6,2025-08-01
1466,ef890b3e,202507,136.96,2025-08-01
1467,12a24092,202507,1407.13,2025-08-01
1468,c07f55b6,202507,3547.79,2025-08-01
1469,16b1edca,202507,4058.64,2025-08-01
1469,732b1900,202507,887.35,2025-08-01
1469,a37cbdf3,202507,1345.54,2025-08-01
1470,02c49f8a,202507,3788.67,2025-08-01
1471,6d8bc696,202507,2772.1,2025-08-01
1471,ac69861d,202507,5516.35,2025-08-01
1471,b650fa2b,202507,663.34,2025-08-01
1472,c23f2367,202507,2772.68,2025-08-01
1473,1a73bb32,202507,1326.22,2025-08-01
1473,2cab3174,202507,2720.31,2025-08-01
1474,1ab1e6b6,202507,563.86,2025-08-01
1474,3c322bfd,202507,930.23,2025-08-01
1474,d32684b4,202507,1009.89,2025-08-01
1475,4b0dcaf3,202507,5171.81,2025-08-01
1475,6a82a5b7,202507,195.86,2025-08-01
1475,8fbdd092,202507,5093.63,2025-08-01
1476,a0e051c4,202507,1671.62,2025-08-01
1476,edc80ea5,202507,3037.18,2025-08-01
1476,f09a67ef,202507,2002.74,2025-08-01
1477,0eac9690,202507,2745.17,2025-08-01
1477,1180ae22,202507,3766.91,2025-08-01
1477,f0992264,202507,1537.14,2025-08-01
1478,32fdf669,202507,4805.94,2025-08-01
1479,9e01bf92,202507,4495.95,2025-08-01
1480,1377dfc7,202507,4350.51,2025-08-01
1480,538260f7,202507,3119.8,2025-08-01
1481,10a3b73e,202507,3392.65,2025-08-01
1481,48f59a8d,202507,1834.19,2025-08-01
1481,a5ececa4,202507,3909.34,2025-08-01
1482,21f397c1,202507,2806.35,2025-08-01
1482,a199fd02,202507,2765.58,2025-08-01
1483,17734089,202507,3384.21,2025-08-01
1483,b04ae2bc,202507,2227.09,2025-08-01
1483,dbb93034,202507,5187.2,2025-08-01
1484,08814ddd,202507,1717.54,2025-08-01
1484,174c16fa,202507,5482.3,2025-08-01
1484,9e30323a,202507,1381.86,2025-08-01
1485,3035cdf5,202507,1218.04,2025-08-01
1485,a2bf6d6d,202507,1535.49,2025-08-01
1486,05b540ce,202507,3477.6,2025-08-01
1486,95a63f5d,202507,935.84,2025-08-01
1487,543f5001,202507,4073.45,2025-08-01
1487,8d76f89d,202507,1235.46,2025-08-01
1488,429e8cc9,202507,2150.72,2025-08-01
1488,5a68068b,202507,4726.96,2025-08-01
1488,bedcd381,202507,1418.81,2025-08-01
1489,58095e86,202507,5716.65,2025-08-01
1489,a42068e3,202507,3229.15,2025-08-01
1490,86775ab9,202507,1880.79,2025-08-01
1490,9d2915a7,202507,339.14,2025-08-01
1490,a1597204,202507,1476.45,2025-08-01
1491,46c7fa98,202507,1282.62,2025-08-01
1491,c26fca41,202507,4015.38,2025-08-01
1492,42134b90,202507,2619.62,2025-08-01
1492,76d24b81,202507,1495.63,2025-08-01
1493,1d84f97f,202507,1288.72,2025-08-01
1493,b404644c,202507,3894.54,2025-08-01
1494,0428b1fa,202507,764.14,2025-08-01
1494,1b3d1bfb,202507,809.26,2025-08-01
1495,27c13514,202507,2483.29,2025-08-01
1495,6197fd67,202507,4433.17,2025-08-01
1495,fa16af57,202507,804.26,2025-08-01
1496,22f1f172,202507,4891.53,2025-08-01
1496,29cc809e,202507,2245.88,2025-08-01
1496,ff7ac789,202507,1830.06,2025-08-01
1497,004efa9e,202507,2463.98,2025-08-01
1497,a51cc35e,202507,1022.5,2025-08-01
1498,6a2b8631,202507,2520.53,2025-08-01
1498,eb2e96aa,202507,3477.51,2025-08-01
1499,cf7348d9,202507,549.26,2025-08-01
1500,4012e4b1,202507,3492.6,2025-08-01
1500,be92ae30,202507,5217.42,2025-08-01
1500,d7d90d4a,202507,2110.68,2025-08-01
1501,4052562c,202507,1067.92,2025-08-01
1501,6a268eaa,202507,1045.4,2025-08-01
1501,95ece513,202507,4314.14,2025-08-01
1502,c8104ba0,202507,1229.18,2025-08-01
1503,dfee486e,202507,2834.48,2025-08-01
1503,e6fac123,202507,5788.2,2025-08-01
1504,4a0d2ac6,202507,3538.9,2025-08-01
1504,507225df,202507,4253.74,2025-08-01
1505,5758071b,202507,2888.57,2025-08-01
1505,807c6b8f,202507,1138.65,2025-08-01
1506,bd9b590f,202507,1241.71,2025-08-01
1507,bddc4c41,202507,3230.22,2025-08-01
1508,b01a2c45,202507,449.86,2025-08-01
1509,1e5aa12c,202507,1915.62,2025-08-01
1509,5af2cb81,202507,3959.36,2025-08-01
1509,d7206b6b,202507,2855.92,2025-08-01
1510,7b1d09fe,202507,1475.08,2025-08-01
1510,9138e8d0,202507,675.84,2025-08-01
1511,2baddadc,202507,4534.9,2025-08-01
1511,7f5b241c,202507,4835.57,2025-08-01
1512,033d10a3,202507,2055.97,2025-08-01
1512,2355266f,202507,3421.39,2025-08-01
1513,7204cb1b,202507,2559.91,2025-08-01
1513,cb1164e7,202507,2220.15,2025-08-01
1514,81aa3534,202507,4817.71,2025-08-01
1515,1df3bddb,202507,3942.28,2025-08-01
1515,b063f56d,202507,530.35,2025-08-01
1516,70e3b135,202507,3389.34,2025-08-01
1517,319076b7,202507,2918.75,2025-08-01
1517,57979c80,202507,1495.02,2025-08-01
1518,9626a33f,202507,798.89,2025-08-01
1518,e2cb07b3,202507,1346.26,2025-08-01
1519,60a45d2b,202507,2019.9,2025-08-01
1519,db2fde21,202507,4851.68,2025-08-01
1520,806d720c,202507,315.91,2025-08-01
1521,75c07137,202507,3931.13,2025-08-01
1522,309daf4a,202507,1035.05,2025-08-01
1522,4c550df1,202507,1140.86,2025-08-01
1522,c52af536,202507,2480.39,2025-08-01
1523,89d2e40d,202507,5550.68,2025-08-01
1523,c97d83d3,202507,1771.08,2025-08-01
1524,8a7ddb88,202507,5850.68,2025-08-01
1525,2c90be59,202507,4600.9,2025-08-01
1525,e943ce89,202507,1864.55,2025-08-01
1525,f7148f2a,202507,2000.42,2025-08-01
1526,90ab565e,202507,3925.62,2025-08-01
1527,309f363c,202507,575.42,2025-08-01
1527,74265b66,202507,5024.81,2025-08-01
1527,b339edcf,202507,3176.0,2025-08-01
1528,4088ae60,202507,1920.28,2025-08-01
1529,4ca39b6d,202507,2303.77,2025-08-01
1529,b51a40ce,202507,1064.25,2025-08-01
1530,e18389c3,202507,532.75,2025-08-01
1531,f1a88e57,202507,852.14,2025-08-01
1532,9c4bdce9,202507,2152.0,2025-08-01
1533,71b83990,202507,3272.41,2025-08-01
1533,ceb32651,202507,611.95,2025-08-01
1534,311c482a,202507,589.23,2025-08-01
1534,4bee7153,202507,567.01,2025-08-01
1534,9cbefab2,202507,3738.67,2025-08-01
1535,2b08c3b2,202507,3306.29,2025-08-01
1535,82e4c35b,202507,4473.42,2025-08-01
1535,8bd58ccd,202507,2628.51,2025-08-01
1536,199966a7,202507,3120.86,2025-08-01
1536,82384198,202507,2432.46,2025-08-01
1537,66590af9,202507,328.3,2025-08-01
1537,f9297f8c,202507,1280.12,2025-08-01
1538,56174bdc,202507,2321.62,2025-08-01
1538,c82f6396,202507,4997.66,2025-08-01
1539,32c3887b,202507,1551.45,2025-08-01
1540,0ec4d603,202507,4308.42,2025-08-01
1540,2c3819a5,202507,1327.42,2025-08-01
1540,781e76e1,202507,3163.86,2025-08-01
1541,396e4f06,202507,2488.61,2025-08-01
1541,c80920ca,202507,354.55,2025-08-01
1542,445fe604,202507,1135.89,2025-08-01
1542,9dfb3a07,202507,3558.03,2025-08-01
1542,aeabd50a,202507,1092.8,2025-08-01
1543,6c99b3bd,202507,2950.03,2025-08-01
1543,b38f6d89,202507,870.86,2025-08-01
1543,ca97d7e1,202507,1117.89,2025-08-01
1544,312a53b0,202507,3853.57,2025-08-01
1545,03cb3f48,202507,5399.33,2025-08-01
1545,b8b0c78d,202507,1770.59,2025-08-01
1546,104496cc,202507,4249.55,2025-08-01
1546,243c4310,202507,1999.16,2025-08-01
1546,7f62730f,202507,1475.89,2025-08-01
1547,94305215,202507,902.78,2025-08-01
1547,f363bfb3,202507,3220.83,2025-08-01
1548,65f63191,202507,3147.53,2025-08-01
1548,97ce2c5a,202507,661.25,2025-08-01
1549,07072212,202507,3239.16,2025-08-01
1550,19f182bf,202507,4154.69,2025-08-01
1550,5df061d5,202507,1424.09,2025-08-01
1551,276a6f30,202507,3035.96,2025-08-01
1551,28b792d5,202507,2354.62,2025-08-01
1551,90dbee19,202507,2162.27,2025-08-01
1552,5860d42e,202507,1245.9,2025-08-01
1552,770360c9,202507,385.6,2025-08-01
1552,fe46f756,202507,1666.11,2025-08-01
1553,9183dd4c,202507,4067.55,2025-08-01
1554,f7a1449f,202507,1854.35,2025-08-01
1555,35c78acc,202507,2575.28,2025-08-01
1556,78437ec4,202507,5540.59,2025-08-01
1556,9e5f7ff2,202507,795.42,2025-08-01
1557,350e4524,202507,1845.1,2025-08-01
1557,8f277360,202507,3507.16,2025-08-01
1558,4a3532b9,202507,3856.83,2025-08-01
1558,69668010,202507,2047.04,2025-08-01
1558,dfd1a75e,202507,1782.46,2025-08-01
1559,294a4a9b,202507,2962.16,2025-08-01
1560,c8062737,202507,3196.02,2025-08-01
1561,d3954400,202507,2525.03,2025-08-01
1561,e643d2c3,202507,1663.53,2025-08-01
1561,f717c7ea,202507,3632.16,2025-08-01
1562,9caa0a3c,202507,2516.56,2025-08-01
1563,5848364c,202507,1315.79,2025-08-01
1563,f75ecfc1,202507,2138.91,2025-08-01
1564,70655235,202507,1029.51,2025-08-01
1565,0e6c4a97,202507,5033.03,2025-08-01
1565,62cf2401,202507,516.09,2025-08-01
1566,82e71f7a,202507,1398.98,2025-08-01
1566,f9ef4464,202507,5947.5,2025-08-01
1567,9b4c6ef5,202507,3246.15,2025-08-01
1567,c8c09923,202507,1131.61,2025-08-01
1567,cf543b57,202507,5417.56,2025-08-01
1568,296eba4b,202507,2438.03,2025-08-01
1569,6973c830,202507,1704.0,2025-08-01
1569,dedb5845,202507,1253.98,2025-08-01
1570,6a8bb7e0,202507,2179.56,2025-08-01
1570,cf571a07,202507,2442.1,2025-08-01
1571,0975e9e4,202507,6199.3,2025-08-01
1572,28cd6a2b,202507,1832.45,2025-08-01
1573,7d0598c5,202507,1454.71,2025-08-01
1574,1bf0079a,202507,1709.64,2025-08-01
1575,263d13e1,202507,462.42,2025-08-01
1575,2e4b2a64,202507,5489.78,2025-08-01
1575,c8562e80,202507,5773.46,2025-08-01
1576,5eae3306,202507,3843.05,2025-08-01
1576,648155c4,202507,3306.33,2025-08-01
1576,f37c615e,202507,5137.93,2025-08-01
1577,45202370,202507,149.67,2025-08-01
1578,388f74d0,202507,4909.46,2025-08-01
1578,43e84c07,202507,908.33,2025-08-01
1578,9fca776c,202507,3082.45,2025-08-01
1579,0bab58c0,202507,1733.29,2025-08-01
1579,191c71dc,202507,3451.44,2025-08-01
1580,7ea5710e,202507,2868.24,2025-08-01
1581,914cad18,202507,2046.84,2025-08-01
1581,e32d5582,202507,349.74,2025-08-01
1582,1d11af20,202507,3561.52,2025-08-01
1582,92943c6e,202507,1374.37,2025-08-01
1583,d3c4f04f,202507,647.8,2025-08-01
1584,14dbd9f0,202507,1925.07,2025-08-01
1584,7428c48c,202507,3129.55,2025-08-01
1584,bf582f8b,202507,1252.73,2025-08-01
1585,01a086ca,202507,3259.29,2025-08-01
1585,795ac922,202507,3001.8,2025-08-01
1586,369481d7,202507,1398.4,2025-08-01
1586,5e71c532,202507,2996.66,2025-08-01
1586,bae6bdb1,202507,4129.34,2025-08-01
1587,eb3141fd,202507,4753.96,2025-08-01
1588,3146a48b,202507,860.2,2025-08-01
1588,d50fabee,202507,2253.03,2025-08-01
1588,eb9c415a,202507,3377.92,2025-08-01
1589,2865face,202507,1916.01,2025-08-01
1589,752e07e5,202507,865.96,2025-08-01
1589,cbf31f28,202507,3315.26,2025-08-01
1590,22cb27b0,202507,544.59,2025-08-01
1590,3f5c0439,202507,4222.83,2025-08-01
1590,73a66506,202507,3691.79,2025-08-01
1591,2134da4e,202507,942.06,2025-08-01
1592,19b90a66,202507,2127.0,2025-08-01
1592,355b581e,202507,5762.91,2025-08-01
1592,524da418,202507,3558.67,2025-08-01
1593,88c0c2d7,202507,880.38,2025-08-01
1593,9beeff35,202507,5482.75,2025-08-01
1594,51663b95,202507,1587.97,2025-08-01
1594,e1d166f8,202507,4350.18,2025-08-01
1595,234b1f12,202507,1290.76,2025-08-01
1595,ab234f75,202507,2546.37,2025-08-01
1596,6f80214c,202507,4463.25,2025-08-01
1597,3b0beda3,202507,869.32,2025-08-01
1597,550c916a,202507,4550.97,2025-08-01
1597,6f74d113,202507,1616.42,2025-08-01
1598,10b5d806,202507,2020.17,2025-08-01
1598,479bc1b2,202507,2275.41,2025-08-01
1599,0e8cc002,202507,3694.13,2025-08-01
1599,0ee30d50,202507,1411.57,2025-08-01
1599,4dc6537e,202507,4695.79,2025-08-01
1600,59ca077f,202507,5007.57,2025-08-01
1600,e6e97a6f,202507,666.24,2025-08-01
1601,2cc2c801,202507,2220.07,2025-08-01
1602,05902b14,202507,5449.58,2025-08-01
1602,8b9b0a6f,202507,1272.1,2025-08-01
1602,c63c2b94,202507,2473.43,2025-08-01
1603,2fb7c5b4,202507,2048.12,2025-08-01
1603,5a6c67e3,202507,2749.31,2025-08-01
1604,13578f5b,202507,2214.78,2025-08-01
1605,2e5c0f60,202507,3301.85,2025-08-01
1606,30b220ee,202507,2921.85,2025-08-01
1606,5ccfaa67,202507,4678.22,2025-08-01
1607,2aea7169,202507,4372.82,2025-08-01
1608,014f7bc8,202507,4986.9,2025-08-01
1608,ce9c499a,202507,4335.19,2025-08-01
1608,d15dba5a,202507,2247.45,2025-08-01
1609,a8043f9f,202507,4496.51,2025-08-01
1609,d5997825,202507,1012.18,2025-08-01
1609,f4c087ba,202507,1683.9,2025-08-01
1610,f56fa56e,202507,5830.56,2025-08-01
1611,ea48dd9a,202507,900.07,2025-08-01
1612,48c82130,202507,3601.4,2025-08-01
1612,7d412158,202507,502.12,2025-08-01
1612,ce5178d9,202507,3552.56,2025-08-01
1613,1c67caaf,202507,5586.7,2025-08-01
1613,fe814a50,202507,2810.22,2025-08-01
1614,1120d4b4,202507,3765.62,2025-08-01
1614,c3864fb2,202507,2629.16,2025-08-01
1615,1e279e7b,202507,194.67,2025-08-01
1615,855ffbba,202507,3764.03,2025-08-01
1615,bb203cb8,202507,3262.93,2025-08-01
1616,4addbff4,202507,6343.08,2025-08-01
1617,68ef60d7,202507,2329.45,2025-08-01
1618,041fc5dd,202507,1791.85,2025-08-01
1618,269f9434,202507,3064.35,2025-08-01
1618,2f2b6b6f,202507,5453.68,2025-08-01
1619,6677cf71,202507,1581.4,2025-08-01
1620,203b9781,202507,2036.65,2025-08-01
1621,37f7648f,202507,1706.88,2025-08-01
1621,751b9f49,202507,5931.72,2025-08-01
1621,7b5def65,202507,4845.57,2025-08-01
1622,5d432d8e,202507,1634.44,2025-08-01
1622,95660177,202507,2772.93,2025-08-01
1623,86e9bcef,202507,5061.16,2025-08-01
1624,3271555e,202507,2454.96,2025-08-01
1624,90218aae,202507,1731.3,2025-08-01
1625,18b01463,202507,2832.04,2025-08-01
1625,a3fb9e3d,202507,2834.24,2025-08-01
1626,00dc3c69,202507,1428.13,2025-08-01
1626,a00d2ab8,202507,4088.47,2025-08-01
1626,db2163a6,202507,775.42,2025-08-01
1627,341584dc,202507,3127.41,2025-08-01
1627,63bf8a05,202507,2379.84,2025-08-01
1628,c57b1ae5,202507,3532.2,2025-08-01
1629,4324b03a,202507,1399.93,2025-08-01
1629,6a28d19d,202507,5168.76,2025-08-01
1629,b4535142,202507,2622.05,2025-08-01
1630,1bdcc60d,202507,4383.77,2025-08-01
1630,228a06a7,202507,2770.76,2025-08-01
1630,f29a42d6,202507,2253.2,2025-08-01
1631,c83eb5d4,202507,4833.37,2025-08-01
1632,83a9dd92,202507,4876.75,2025-08-01
1633,2ebe0b29,202507,2468.51,2025-08-01
1633,df7e274e,202507,4092.66,2025-08-01
1634,be1edc97,202507,5051.83,2025-08-01
1635,64a2e5f2,202507,1527.62,2025-08-01
1635,ea560a52,202507,3695.07,2025-08-01
1636,293a084f,202507,3908.69,2025-08-01
1636,5ef17513,202507,2005.46,2025-08-01
1636,d8ac5358,202507,3845.37,2025-08-01
1637,75607be7,202507,3402.2,2025-08-01
1638,4eb7d12c,202507,1955.88,2025-08-01
1638,82290aca,202507,5664.19,2025-08-01
1638,d4b7cb78,202507,4959.08,2025-08-01
1639,bf535fef,202507,3434.29,2025-08-01
1639,defc40df,202507,2768.2,2025-08-01
1640,189080fa,202507,1670.22,2025-08-01
1640,fbff7e6c,202507,1533.95,2025-08-01
1641,2c332af9,202507,1837.67,2025-08-01
1641,3af9b30f,202507,1590.92,2025-08-01
1641,64041caf,202507,1521.6,2025-08-01
1642,1bcea86b,202507,4132.39,2025-08-01
1643,56cd6795,202507,4458.22,2025-08-01
1644,0880781a,202507,1832.92,2025-08-01
1645,a2fe1a50,202507,1198.84,2025-08-01
1646,26531fc0,202507,3714.55,2025-08-01
1647,49a53d8d,202507,5549.7,2025-08-01
1647,6a143151,202507,5677.52,2025-08-01
1647,e1aef320,202507,2742.32,2025-08-01
1648,94c214e6,202507,1168.47,2025-08-01
1648,fec64769,202507,4660.86,2025-08-01
1649,b0b667ea,202507,2250.16,2025-08-01
1649,d58dd5ae,202507,373.52,2025-08-01
1650,3edbefa7,202507,2994.61,2025-08-01
1650,ab542943,202507,3505.04,2025-08-01
1650,f961f8bd,202507,2875.04,2025-08-01
1651,ae8d77b7,202507,844.33,2025-08-01
1652,66e5aa06,202507,4122.62,2025-08-01
1653,00d42a7b,202507,2068.17,2025-08-01
1653,0603ba3d,202507,2634.03,2025-08-01
1654,ec1ba265,202507,3074.6,2025-08-01
1655,86851bca,202507,2474.68,2025-08-01
1655,e5a0cac7,202507,1343.82,2025-08-01
1656,6c69b25e,202507,6881.83,2025-08-01
1656,7d2f25e0,202507,1965.6,2025-08-01
1656,bed3335c,202507,3719.84,2025-08-01
1657,406f38ba,202507,3143.25,2025-08-01
1657,daec1170,202507,3257.1,2025-08-01
1658,0d93958b,202507,328.26,2025-08-01
1658,b98899fc,202507,2750.58,2025-08-01
1659,041c13a1,202507,1619.55,2025-08-01
1659,04671886,202507,2496.4,2025-08-01
1659,eb69bdd9,202507,1956.98,2025-08-01
1660,9ef12730,202507,5061.69,2025-08-01
1660,f6b3242a,202507,3204.61,2025-08-01
1661,21759d46,202507,3040.48,2025-08-01
1661,f8a1bbd2,202507,4154.28,2025-08-01
1662,4aaca0a9,202507,3807.31,2025-08-01
1662,7be47594,202507,616.77,2025-08-01
1662,f2b2e6e0,202507,4793.38,2025-08-01
1663,b306b287,202507,3539.43,2025-08-01
1664,02208194,202507,4460.28,2025-08-01
1664,2bf78940,202507,3697.88,2025-08-01
1665,6c2e1bc2,202507,2863.86,2025-08-01
1665,844a1bee,202507,4322.09,2025-08-01
1666,8a29392c,202507,2519.98,2025-08-01
1667,620c0d84,202507,2870.69,2025-08-01
1667,81789b07,202507,480.24,2025-08-01
1668,4f11a627,202507,2587.91,2025-08-01
1669,3d155d72,202507,3985.09,2025-08-01
1670,37f89be6,202507,4388.36,2025-08-01
1670,ee072cb5,202507,1823.57,2025-08-01
1670,f1d31e71,202507,4348.12,2025-08-01
1671,aa5188d9,202507,1620.61,2025-08-01
1672,724052bf,202507,3355.8,2025-08-01
1673,c5da33de,202507,4847.68,2025-08-01
1674,08faacdb,202507,4075.02,2025-08-01
1674,c236969c,202507,2230.28,2025-08-01
1675,3cceacaf,202507,2890.09,2025-08-01
1676,4e8a244e,202507,1685.27,2025-08-01
1676,f4317c3f,202507,2179.11,2025-08-01
1677,24e3a976,202507,2536.05,2025-08-01
1678,0bfbc659,202507,5282.57,2025-08-01
1678,94b7eaec,202507,2876.46,2025-08-01
1678,bb8740f2,202507,663.24,2025-08-01
1679,4e2d20a6,202507,1590.37,2025-08-01
1680,8020f1a9,202507,5513.78,2025-08-01
1681,16fe28bb,202507,4358.62,2025-08-01
1681,cf268c81,202507,1415.55,2025-08-01
1682,5e5196fa,202507,3830.57,2025-08-01
1683,0a31dbe4,202507,4208.44,2025-08-01
1683,37d30490,202507,861.54,2025-08-01
1684,79bf4564,202507,4977.09,2025-08-01
1684,aa6412f1,202507,1976.17,2025-08-01
1685,4039b2c1,202507,3657.14,2025-08-01
1685,e1118186,202507,1348.99,2025-08-01
1686,316675ac,202507,309.67,2025-08-01
1686,8921c0cd,202507,1412.74,2025-08-01
1686,a76f1c0f,202507,2284.35,2025-08-01
1687,06d05142,202507,4603.94,2025-08-01
1687,30f6c06b,202507,4249.46,2025-08-01
1687,6321c9bd,202507,5372.63,2025-08-01
1688,52df4dd8,202507,1609.37,2025-08-01
1688,fb186e47,202507,782.91,2025-08-01
1689,3c8b6d70,202507,4498.57,2025-08-01
1690,038ba94f,202507,4270.34,2025-08-01
1690,76118188,202507,1510.99,2025-08-01
1691,c5be8776,202507,4254.21,2025-08-01
1692,84f564c2,202507,2386.29,2025-08-01
1692,c4704552,202507,5119.73,2025-08-01
1693,8bb2eb31,202507,3918.34,2025-08-01
1693,a6c340db,202507,3425.83,2025-08-01
1694,4109e1d3,202507,1172.22,2025-08-01
1694,bc71955d,202507,5007.2,2025-08-01
1695,34c55715,202507,2328.81,2025-08-01
1695,ab5ddc71,202507,4126.79,2025-08-01
1696,b21dace8,202507,660.01,2025-08-01
1696,dfa3ae1a,202507,4633.82,2025-08-01
1696,e434376c,202507,2666.64,2025-08-01
1697,dcb6f574,202507,2734.65,2025-08-01
1697,e6d1a5fc,202507,3252.79,2025-08-01
1698,c1b8c690,202507,1311.81,2025-08-01
1699,3ad5cfe0,202507,2132.63,2025-08-01
1699,75940384,202507,2929.95,2025-08-01
1699,b499f456,202507,4929.43,2025-08-01
1700,c46a56ca,202507,3702.33,2025-08-01
1700,e039dc24,202507,3819.46,2025-08-01
1701,04973730,202507,4461.01,2025-08-01
1702,48bc24ba,202507,3485.87,2025-08-01
1702,9a6721a2,202507,4019.98,2025-08-01
1702,cf685cac,202507,1010.69,2025-08-01
1703,0f1d1569,202507,4198.29,2025-08-01
1704,71db80d3,202507,2051.3,2025-08-01
1705,39d248d6,202507,4575.69,2025-08-01
1705,59f0b4a1,202507,2564.19,2025-08-01
1705,f6308675,202507,5120.1,2025-08-01
1706,88a53b02,202507,4303.1,2025-08-01
1707,1e0a52b6,202507,1216.73,2025-08-01
1707,43f49270,202507,290.28,2025-08-01
1707,59e5dd1f,202507,3055.07,2025-08-01
1708,18123e57,202507,3144.26,2025-08-01
1708,2dac38d7,202507,2375.96,2025-08-01
1708,9ba17123,202507,2950.99,2025-08-01
1709,1dd8b0b7,202507,4872.37,2025-08-01
1709,496ebb20,202507,758.8,2025-08-01
1709,eb4c0cd3,202507,6062.33,2025-08-01
1710,7387dc29,202507,1718.46,2025-08-01
1711,5de0beaa,202507,4118.13,2025-08-01
1712,1a2e054c,202507,495.81,2025-08-01
1712,82316ce9,202507,4430.46,2025-08-01
1712,e403d160,202507,1266.22,2025-08-01
1713,63683b06,202507,3496.29,2025-08-01
1713,9fb0d30b,202507,867.82,2025-08-01
1713,c303d3ae,202507,6034.01,2025-08-01
1714,059459d8,202507,2213.32,2025-08-01
1714,4dcea0fd,202507,3347.29,2025-08-01
1714,b99d32d9,202507,2742.54,2025-08-01
1715,9d45d090,202507,4796.8,2025-08-01
1716,c18b9222,202507,4005.62,2025-08-01
1717,23cb75bd,202507,2511.4,2025-08-01
1717,6e9215bd,202507,1029.1,2025-08-01
1718,201f6051,202507,5478.85,2025-08-01
1719,0bf3a36d,202507,3938.72,2025-08-01
1719,346616d0,202507,1126.46,2025-08-01
1719,6ac8ee1d,202507,2218.51,2025-08-01
1720,90dc6afc,202507,1134.42,2025-08-01
1720,db75610e,202507,1095.08,2025-08-01
1721,0b53de80,202507,4829.51,2025-08-01
1721,3ea1639b,202507,5672.97,2025-08-01
1721,fd777b30,202507,3652.88,2025-08-01
1722,5879d1c7,202507,2933.05,2025-08-01
1722,96122ac4,202507,1296.93,2025-08-01
1722,dd0ae5bf,202507,2912.9,2025-08-01
1723,4dd76d7c,202507,4165.77,2025-08-01
1723,55c6d756,202507,4707.11,2025-08-01
1723,f76b0cb4,202507,3360.59,2025-08-01
1724,8f1b0cca,202507,2901.89,2025-08-01
1725,0580b495,202507,2987.66,2025-08-01
1725,18f40898,202507,4946.36,2025-08-01
1725,d87417bf,202507,3166.59,2025-08-01
1726,13cf0c25,202507,1257.33,2025-08-01
1726,2d777717,202507,5438.96,2025-08-01
1727,5903be4c,202507,1023.51,2025-08-01
1727,80d241fd,202507,2403.73,2025-08-01
1728,32a36116,202507,2672.03,2025-08-01
1728,c09da836,202507,1045.98,2025-08-01
1729,3fc376c3,202507,1041.68,2025-08-01
1729,499d3b3a,202507,2824.63,2025-08-01
1729,86c3083e,202507,1568.33,2025-08-01
1730,36d493b9,202507,3024.89,2025-08-01
1731,57ac9dda,202507,3627.48,2025-08-01
1731,8e268566,202507,4785.34,2025-08-01
1731,e30ee987,202507,2147.07,2025-08-01
1732,1db70e52,202507,2653.29,2025-08-01
1732,a9434164,202507,882.47,2025-08-01
1732,d5b5b060,202507,542.64,2025-08-01
1733,2ac67e63,202507,2394.45,2025-08-01
1733,8758ddbb,202507,4151.3,2025-08-01
1733,93d850e5,202507,1615.06,2025-08-01
1734,b8494c7b,202507,2652.58,2025-08-01
1735,11eaa23a,202507,3091.97,2025-08-01
1735,a19f8ac3,202507,3184.32,2025-08-01
1735,f149ba8d,202507,1742.49,2025-08-01
1736,50df3820,202507,241.2,2025-08-01
1736,a1ccee26,202507,511.99,2025-08-01
1737,f9bb9e9a,202507,2695.91,2025-08-01
1738,48e2c118,202507,3920.17,2025-08-01
1738,cf829d5e,202507,2170.74,2025-08-01
1738,d9ba2d42,202507,3550.77,2025-08-01
1739,20b0630d,202507,4528.39,2025-08-01
1740,41180768,202507,5075.96,2025-08-01
1740,979a51a9,202507,1100.86,2025-08-01
1740,c3a903cf,202507,2997.32,2025-08-01
1741,01b9dc48,202507,4288.26,2025-08-01
1741,92e83831,202507,4832.65,2025-08-01
1742,82dcdea8,202507,434.07,2025-08-01
1742,f3fc8167,202507,2844.16,2025-08-01
1743,12fb0a9d,202507,2895.43,2025-08-01
1744,9ceb8d7d,202507,1451.71,2025-08-01
1744,f49f1f2f,202507,2340.73,2025-08-01
1745,378b402b,202507,2347.94,2025-08-01
1745,63009e0b,202507,3789.88,2025-08-01
1745,7e531c4a,202507,4272.86,2025-08-01
1746,3dc327dd,202507,299.41,2025-08-01
1747,5223fbdb,202507,2580.3,2025-08-01
1747,be796ed5,202507,3639.9,2025-08-01
1748,a2cac9ce,202507,979.21,2025-08-01
1749,b89afa00,202507,953.76,2025-08-01
1749,df3f1461,202507,3804.26,2025-08-01
1750,10cf0432,202507,3631.8,2025-08-01
1750,4219ad6b,202507,1271.22,2025-08-01
1750,4eb9c1ae,202507,3200.55,2025-08-01
1751,17779941,202507,1608.66,2025-08-01
1752,96830eda,202507,523.08,2025-08-01
1753,918bb88f,202507,1085.39,2025-08-01
1754,16ae35b7,202507,2708.55,2025-08-01
1754,5c0a8544,202507,2711.99,2025-08-01
1754,c2581a09,202507,993.84,2025-08-01
1755,2d682348,202507,3080.34,2025-08-01
1756,7d54367c,202507,265.72,2025-08-01
1756,d8b58273,202507,988.79,2025-08-01
1757,e4296e67,202507,4671.45,2025-08-01
1758,a24215ac,202507,4320.08,2025-08-01
1758,d46662ce,202507,3995.55,2025-08-01
1759,e6f491a2,202507,1618.38,2025-08-01
1760,1a1e36ed,202507,4239.9,2025-08-01
1761,036fe8c7,202507,1655.4,2025-08-01
1761,43affdc9,202507,3241.12,2025-08-01
1762,435069b2,202507,4937.11,2025-08-01
1763,a0ae3ebf,202507,2021.43,2025-08-01
1764,adea15d8,202507,3929.58,2025-08-01
1764,dba27235,202507,5005.71,2025-08-01
1765,26af2b32,202507,3428.29,2025-08-01
1766,566c130b,202507,941.76,2025-08-01
1766,97a305ae,202507,3168.61,2025-08-01
1766,d7db4cd3,202507,463.35,2025-08-01
1767,19b8fc1c,202507,2386.66,2025-08-01
1767,d99a0ce1,202507,1655.13,2025-08-01
1768,47daeb77,202507,5473.51,2025-08-01
1768,c507daa8,202507,3402.92,2025-08-01
1769,1cab1066,202507,6374.83,2025-08-01
1769,40fbee16,202507,4404.89,2025-08-01
1769,b943ba22,202507,4144.91,2025-08-01
1770,dc182a72,202507,6055.01,2025-08-01
1770,f2d3e5aa,202507,2959.86,2025-08-01
1771,616a55b6,202507,1774.88,2025-08-01
1771,ae7663cc,202507,2917.67,2025-08-01
1772,620cef47,202507,4578.09,2025-08-01
1772,9da6ae27,202507,722.69,2025-08-01
1773,77120659,202507,2759.61,2025-08-01
1773,82b8578f,202507,2863.59,2025-08-01
1774,52e8af91,202507,1143.28,2025-08-01
1775,428ff434,202507,3965.21,2025-08-01
1775,c4113987,202507,4684.67,2025-08-01
1776,2cb83a6b,202507,3879.08,2025-08-01
1776,720b2c3c,202507,2667.67,2025-08-01
1776,736de3c9,202507,496.54,2025-08-01
1777,5416a180,202507,3264.58,2025-08-01
1778,032881a5,202507,4976.51,2025-08-01
1779,16def243,202507,4323.44,2025-08-01
1780,c980fc61,202507,4845.33,2025-08-01
1781,8452d509,202507,3548.68,2025-08-01
1782,2557c76f,202507,2604.42,2025-08-01
1782,fe5d6866,202507,2760.87,2025-08-01
1783,47cbae60,202507,587.45,2025-08-01
1783,7cc670f2,202507,4735.44,2025-08-01
1784,08835f8c,202507,4037.77,2025-08-01
1784,fc787987,202507,2424.82,2025-08-01
1785,484ae7d0,202507,4615.62,2025-08-01
1786,ccac279b,202507,2389.12,2025-08-01
1786,ce1f3cc7,202507,4233.78,2025-08-01
1787,32124146,202507,1099.34,2025-08-01
1787,7e548e03,202507,3516.57,2025-08-01
1787,9f3c64e7,202507,4502.2,2025-08-01
1788,008939bc,202507,1362.84,2025-08-01
1788,db6b5ff6,202507,3117.09,2025-08-01
1789,166fc897,202507,4317.25,2025-08-01
1789,8690134e,202507,574.53,2025-08-01
1789,eb85c2e9,202507,3360.01,2025-08-01
1790,2f2a981a,202507,1171.23,2025-08-01
1790,3b3b5dc1,202507,3290.59,2025-08-01
1790,6c962131,202507,7675.76,2025-08-01
1791,200cc3e1,202507,4179.19,2025-08-01
1791,3c046874,202507,2923.82,2025-08-01
1791,b9797493,202507,983.65,2025-08-01
1792,319b1cf8,202507,4804.15,2025-08-01
1792,82aa05c2,202507,3710.26,2025-08-01
1792,f4f516ad,202507,2708.8,2025-08-01
1793,97ef595f,202507,6020.59,2025-08-01
1794,80133831,202507,2555.53,2025-08-01
1795,e563f90a,202507,1463.53,2025-08-01
1796,83b82fa4,202507,4849.19,2025-08-01
1796,c038c53c,202507,5976.38,2025-08-01
1796,ed2b3688,202507,5258.69,2025-08-01
1797,91f96a87,202507,3132.64,2025-08-01
1798,9d59d31e,202507,3828.83,2025-08-01
1798,f0f8185b,202507,3192.64,2025-08-01
1799,0340e46a,202507,4648.56,2025-08-01
1799,5a7160c5,202507,2089.37,2025-08-01
1799,c4a93586,202507,4364.7,2025-08-01
1800,cb8c25fd,202507,3866.03,2025-08-01
1801,170bf8b3,202507,3510.99,2025-08-01
1801,20ce7ca6,202507,2274.29,2025-08-01
1801,abf03fbc,202507,1757.25,2025-08-01
1802,019853f5,202507,3423.99,2025-08-01
1802,2a705c92,202507,3513.85,2025-08-01
1803,38f56c58,202507,919.03,2025-08-01
1803,b2c93d7c,202507,1368.25,2025-08-01
1803,c2a7a446,202507,1938.3,2025-08-01
1804,1b1480ef,202507,3030.43,2025-08-01
1804,44ee55a6,202507,6231.29,2025-08-01
1805,638bc112,202507,6654.55,2025-08-01
1805,b96e4758,202507,2792.63,2025-08-01
1805,dacce448,202507,6580.04,2025-08-01
1806,cfc947a3,202507,1039.88,2025-08-01
1807,511f7a30,202507,3686.52,2025-08-01
1807,780ba326,202507,2589.95,2025-08-01
1807,fda932b2,202507,4646.17,2025-08-01
1808,8dc6b333,202507,1406.96,2025-08-01
1809,2cc5fcf2,202507,959.86,2025-08-01
1810,2a7d3713,202507,1657.68,2025-08-01
1810,3d1d7475,202507,809.24,2025-08-01
1810,d152c4b8,202507,2672.05,2025-08-01
1811,2320e168,202507,3388.61,2025-08-01
1811,9edd81b3,202507,2363.7,2025-08-01
1811,e3858b65,202507,4879.97,2025-08-01
1812,60c3892d,202507,3095.18,2025-08-01
1812,8423d772,202507,5870.81,2025-08-01
1812,89a1d020,202507,215.01,2025-08-01
1813,43db4901,202507,3085.17,2025-08-01
1813,a475b2c6,202507,6408.33,2025-08-01
1813,bbd8b12e,202507,3917.14,2025-08-01
1814,4f5601d1,202507,2894.42,2025-08-01
1814,99aa68c8,202507,3162.83,2025-08-01
1814,d0127e85,202507,4783.38,2025-08-01
1815,7e3a0787,202507,2244.79,2025-08-01
1816,1d074821,202507,3490.97,2025-08-01
1816,a8c7e382,202507,784.18,2025-08-01
1816,b03a2c71,202507,2962.16,2025-08-01
1817,884b75ed,202507,1931.18,2025-08-01
1817,94dc3763,202507,871.42,2025-08-01
1818,403beb69,202507,2861.43,2025-08-01
1819,038c8d33,202507,1375.11,2025-08-01
1820,627d42fd,202507,3776.3,2025-08-01
1820,798b4939,202507,2109.36,2025-08-01
1820,d123ecfd,202507,2233.64,2025-08-01
1821,7ab76922,202507,3020.72,2025-08-01
1822,58898178,202507,2287.99,2025-08-01
1822,7da7866f,202507,2643.39,2025-08-01
1823,17d54852,202507,2147.71,2025-08-01
1823,2eb877e5,202507,882.53,2025-08-01
1823,59ce941d,202507,4526.77,2025-08-01
1824,0a530855,202507,3420.73,2025-08-01
1824,46481ce0,202507,442.57,2025-08-01
1825,9cec8283,202507,2865.54,2025-08-01
1825,b4505713,202507,3752.63,2025-08-01
1826,7047f5d0,202507,2402.23,2025-08-01
1826,d8894c57,202507,1755.09,2025-08-01
1826,e6675c0b,202507,2404.9,2025-08-01
1827,872ef3e4,202507,493.84,2025-08-01
1827,aa2ddbbe,202507,3238.83,2025-08-01
1828,3d370d4f,202507,3629.5,2025-08-01
1828,8752c7e5,202507,2711.91,2025-08-01
1828,c9c36091,202507,1546.7,2025-08-01
1829,0ee58457,202507,1285.81,2025-08-01
1829,269b3c6a,202507,564.35,2025-08-01
1829,42af96c7,202507,3425.59,2025-08-01
1830,b2b367ac,202507,3691.73,2025-08-01
1831,85ae322f,202507,313.92,2025-08-01
1832,2747d168,202507,2091.96,2025-08-01
1832,581f9b6d,202507,3791.75,2025-08-01
1832,ca1e22d3,202507,5850.89,2025-08-01
1833,2f501473,202507,3147.22,2025-08-01
1833,3f8a6902,202507,2001.77,2025-08-01
1833,fde339cd,202507,4714.39,2025-08-01
1834,4648147f,202507,1859.69,2025-08-01
1834,a83b78d6,202507,2643.54,2025-08-01
1834,b8352b7b,202507,1045.75,2025-08-01
1835,47dba22f,202507,5201.78,2025-08-01
1835,fbcb1c08,202507,1794.76,2025-08-01
1836,c701b75f,202507,1893.38,2025-08-01
1837,1c9bd9ce,202507,1784.62,2025-08-01
1837,e676f24d,202507,3990.31,2025-08-01
1837,fe126a9d,202507,2577.02,2025-08-01
1838,126a068b,202507,3234.09,2025-08-01
1839,2ebc8ad6,202507,540.96,2025-08-01
1839,ed74fc4d,202507,2142.87,2025-08-01
1840,39adfbe4,202507,1186.41,2025-08-01
1840,60cfbfad,202507,5506.74,2025-08-01
1841,097729fa,202507,762.57,2025-08-01
1842,adcd4509,202507,783.01,2025-08-01
1842,bee53ce2,202507,3510.24,2025-08-01
1843,79d66db5,202507,3107.35,2025-08-01
1843,93c216ac,202507,6344.5,2025-08-01
1844,b008e34e,202507,1340.35,2025-08-01
1845,bb4eccec,202507,3591.34,2025-08-01
1845,bd6d7165,202507,4246.99,2025-08-01
1845,c7782af5,202507,3937.51,2025-08-01
1846,148bf692,202507,3302.34,2025-08-01
1846,477035ce,202507,3045.35,2025-08-01
1846,ae4398ba,202507,1693.18,2025-08-01
1847,43927cde,202507,1725.86,2025-08-01
1848,1ad12fd5,202507,2440.9,2025-08-01
1848,1e2c6fda,202507,831.95,2025-08-01
1849,f5abf7d5,202507,2844.57,2025-08-01
1850,8c403ac3,202507,1053.4,2025-08-01
1850,c22a7d7b,202507,3526.67,2025-08-01
1851,6fce0653,202507,898.72,2025-08-01
1851,c4c9ecbc,202507,1065.78,2025-08-01
1852,4cca29e9,202507,3906.94,2025-08-01
1852,8abbe5bc,202507,4476.21,2025-08-01
1853,a41a6678,202507,3515.33,2025-08-01
1854,721ef367,202507,5589.47,2025-08-01
1854,881a3eea,202507,2533.87,2025-08-01
1854,997f2030,202507,4015.63,2025-08-01
1855,6a7bd4bb,202507,2914.24,2025-08-01
1855,8dea45c4,202507,4657.33,2025-08-01
1856,27951203,202507,5706.68,2025-08-01
1856,69a9f6cc,202507,2830.88,2025-08-01
1857,2e67353e,202507,1656.71,2025-08-01
1857,aa320077,202507,2281.39,2025-08-01
1858,a3ba1f15,202507,1155.25,2025-08-01
1859,585497f7,202507,2629.07,2025-08-01
1859,d3fc4043,202507,2356.18,2025-08-01
1860,36f88bf7,202507,4155.82,2025-08-01
1860,a996b0e9,202507,1681.16,2025-08-01
1861,7596df9d,202507,2114.67,2025-08-01
1861,98c8fb10,202507,3099.15,2025-08-01
1862,039d3d6e,202507,3356.77,2025-08-01
1862,4916aab6,202507,519.86,2025-08-01
1862,6bedb520,202507,4303.98,2025-08-01
1863,342e3249,202507,2644.12,2025-08-01
1864,60256249,202507,2910.62,2025-08-01
1864,6e185fe7,202507,2814.11,2025-08-01
1864,a2b256c5,202507,4550.42,2025-08-01
1865,94006204,202507,1118.68,2025-08-01
1865,f67fc642,202507,2566.47,2025-08-01
1866,999924ff,202507,164.1,2025-08-01
1866,9b0001da,202507,5252.63,2025-08-01
1867,358445a8,202507,4399.55,2025-08-01
1867,770d9331,202507,1434.05,2025-08-01
1867,d0f6fd67,202507,1724.23,2025-08-01
1868,56c30488,202507,467.8,2025-08-01
1868,5afc0a1e,202507,253.55,2025-08-01
1869,e9036ed6,202507,4264.29,2025-08-01
1870,ab0a99c1,202507,2680.59,2025-08-01
1871,8c6ad694,202507,5966.55,2025-08-01
1872,7fbc37d6,202507,2343.35,2025-08-01
1872,ad98f20d,202507,3534.38,2025-08-01
1872,f12fcb92,202507,4664.74,2025-08-01
1873,88d558d6,202507,4850.97,2025-08-01
1873,bb673895,202507,4111.28,2025-08-01
1874,28bcf2f1,202507,1049.96,2025-08-01
1874,9ef9aaf7,202507,3897.35,2025-08-01
1875,4e93ece5,202507,2573.77,2025-08-01
1875,7f034dc1,202507,1043.67,2025-08-01
1876,04b528b9,202507,1842.29,2025-08-01
1876,3ed95dd8,202507,4704.9,2025-08-01
1877,d25b19c7,202507,4296.49,2025-08-01
1878,4bdcbc1d,202507,4595.01,2025-08-01
1879,6b60f502,202507,4273.57,2025-08-01
1879,e67cc7d0,202507,4496.4,2025-08-01
1880,9c2f2cdf,202507,897.15,2025-08-01
1881,024c9db0,202507,1583.94,2025-08-01
1881,14a05939,202507,1882.38,2025-08-01
1881,78d0d1d4,202507,1197.07,2025-08-01
1882,643d3098,202507,3177.88,2025-08-01
1882,dfccd8de,202507,2135.64,2025-08-01
1882,f3e56b26,202507,3489.24,2025-08-01
1883,f86738c6,202507,2593.13,2025-08-01
1884,61713529,202507,4144.35,2025-08-01
1884,f82173df,202507,2663.99,2025-08-01
1885,1038f250,202507,2903.86,2025-08-01
1885,43898786,202507,4042.95,2025-08-01
1885,6a0e0d08,202507,5253.91,2025-08-01
1886,0b72dcda,202507,2365.69,2025-08-01
1886,94e816c0,202507,3092.86,2025-08-01
1886,9ed5a901,202507,853.64,2025-08-01
1887,4aca7cf4,202507,1652.17,2025-08-01
1887,8976f7e5,202507,3148.93,2025-08-01
1887,bad0973f,202507,3709.62,2025-08-01
1888,bdecca3a,202507,3700.35,2025-08-01
1889,e63679cf,202507,4264.72,2025-08-01
1890,2a2a4b9b,202507,4372.72,2025-08-01
1890,3d1ab5bd,202507,4638.39,2025-08-01
1890,98458fb0,202507,1055.15,2025-08-01
1891,a4c5d46b,202507,4029.99,2025-08-01
1892,35e57ac2,202507,950.72,2025-08-01
1893,71b6cc34,202507,2126.48,2025-08-01
1893,7ea466ce,202507,234.79,2025-08-01
1894,28ef028d,202507,668.55,2025-08-01
1894,5dbb1c2d,202507,2294.05,2025-08-01
1894,cb7e1bb0,202507,1906.96,2025-08-01
1895,b5179a4a,202507,2073.91,2025-08-01
1895,bca35173,202507,2974.1,2025-08-01
1896,5767f889,202507,738.03,2025-08-01
1897,75d0af70,202507,1545.06,2025-08-01
1898,0cbaa3ee,202507,1226.75,2025-08-01
1898,85aa8c8a,202507,6032.49,2025-08-01
1898,b553ab97,202507,760.27,2025-08-01
1899,bab881af,202507,3928.46,2025-08-01
1899,e92b5c38,202507,1555.7,2025-08-01
1899,f0a0d2db,202507,1915.31,2025-08-01
1900,6606f697,202507,3331.3,2025-08-01
1900,77550e2d,202507,1925.16,2025-08-01
1900,dc3cb8c8,202507,1155.79,2025-08-01
1901,6fe95ad0,202507,4336.2,2025-08-01
1902,1520c270,202507,1622.44,2025-08-01
1902,242d4f61,202507,4838.91,2025-08-01
1902,b722b4f7,202507,3331.02,2025-08-01
1903,8b53529e,202507,3558.32,2025-08-01
1903,ef3ae9d9,202507,2935.85,2025-08-01
1904,90fbfbe5,202507,4692.71,2025-08-01
1905,1096952a,202507,2164.45,2025-08-01
1905,f75fa506,202507,4755.93,2025-08-01
1906,075ceaed,202507,3093.24,2025-08-01
1906,078ff12c,202507,2802.83,2025-08-01
1906,5f77d952,202507,3240.6,2025-08-01
1907,295d9b57,202507,3676.34,2025-08-01
1907,6bbcace7,202507,3476.46,2025-08-01
1907,f724cfb7,202507,2998.79,2025-08-01
1908,73fefca1,202507,2393.39,2025-08-01
1908,831709e0,202507,3700.59,2025-08-01
1908,954fe7ed,202507,4825.5,2025-08-01
1909,2a4c1f34,202507,3348.53,2025-08-01
1909,9571f2a9,202507,5392.43,2025-08-01
1910,69d246f4,202507,3786.8,2025-08-01
1910,73f1f926,202507,530.45,2025-08-01
1910,c25ccc8d,202507,2760.89,2025-08-01
1911,2d7063f0,202507,947.84,2025-08-01
1912,0aad0b99,202507,2310.7,2025-08-01
1912,4016c2fc,202507,1779.96,2025-08-01
1912,d3bb2a4d,202507,2035.48,2025-08-01
1913,0b6f1cb7,202507,144.97,2025-08-01
1914,5500d63f,202507,4029.54,2025-08-01
1914,c057f38b,202507,1708.27,2025-08-01
1914,db34a75c,202507,744.58,2025-08-01
1915,2c4ac123,202507,1598.79,2025-08-01
1915,edfa99e1,202507,1774.52,2025-08-01
1916,df61b729,202507,1981.85,2025-08-01
1917,bb97d778,202507,5907.54,2025-08-01
1918,364c0599,202507,2162.97,2025-08-01
1918,c6ff342e,202507,2940.09,2025-08-01
1919,c5bde7a2,202507,4842.06,2025-08-01
1919,e13567be,202507,3360.54,2025-08-01
1919,f048927f,202507,4188.64,2025-08-01
1920,ac5a71ab,202507,2505.11,2025-08-01
1920,bb623722,202507,2270.49,2025-08-01
1920,bbb65f83,202507,3107.79,2025-08-01
1921,c78db044,202507,2287.68,2025-08-01
1922,237be76f,202507,4196.55,2025-08-01
1922,dc27f03c,202507,598.15,2025-08-01
1923,57ef4761,202507,4017.19,2025-08-01
1923,8d2a5f8a,202507,3593.46,2025-08-01
1923,a4700cef,202507,1876.63,2025-08-01
1924,66fe8b0e,202507,3788.66,2025-08-01
1924,a34b8d2d,202507,5230.6,2025-08-01
1925,2f725550,202507,3315.22,2025-08-01
1925,dea6d4a0,202507,2094.2,2025-08-01
1926,2bd0a92b,202507,2006.47,2025-08-01
1927,07d20cb7,202507,5606.42,2025-08-01
1927,12ff128d,202507,2284.34,2025-08-01
1927,b401555f,202507,4504.06,2025-08-01
1928,b2eee801,202507,3195.5,2025-08-01
1929,451556c2,202507,1316.57,2025-08-01
1929,4f6a57e6,202507,3847.59,2025-08-01
1930,0b21eea6,202507,1362.81,2025-08-01
1930,a09e4554,202507,5192.93,2025-08-01
1931,461af93c,202507,3640.71,2025-08-01
1931,8a895680,202507,4443.18,2025-08-01
1931,c5b44b22,202507,7455.91,2025-08-01
1932,9869c744,202507,1249.37,2025-08-01
1932,c83c46e0,202507,2844.67,2025-08-01
1933,101bdab9,202507,3048.31,2025-08-01
1934,4e4980eb,202507,4598.35,2025-08-01
1934,887174d5,202507,5080.46,2025-08-01
1934,9c08695b,202507,4333.08,2025-08-01
1935,6c9ddf70,202507,5302.53,2025-08-01
1935,94ba49c4,202507,1116.73,2025-08-01
1936,c0b73527,202507,4205.92,2025-08-01
1937,0b0223cf,202507,3549.9,2025-08-01
1937,6c165a28,202507,1149.9,2025-08-01
1937,9d874a00,202507,1967.41,2025-08-01
1938,369f945d,202507,4720.29,2025-08-01
1938,9635ea1a,202507,2329.41,2025-08-01
1938,bca00c97,202507,3006.51,2025-08-01
1939,8dbd03d3,202507,3649.0,2025-08-01
1939,cf3d708e,202507,1291.96,2025-08-01
1940,7d8e6c25,202507,2642.95,2025-08-01
1940,a25c2c9c,202507,1701.03,2025-08-01
1940,be301a5b,202507,2752.09,2025-08-01
1941,1069d2c5,202507,2452.22,2025-08-01
1941,2d5325cc,202507,2376.08,2025-08-01
1941,5a076a62,202507,3495.58,2025-08-01
1942,25b1d01a,202507,3022.46,2025-08-01
1942,8ae68dc0,202507,1164.7,2025-08-01
1942,a0737415,202507,2107.81,2025-08-01
1943,445fc42c,202507,2176.13,2025-08-01
1943,4bfb5309,202507,4673.38,2025-08-01
1943,d83214a6,202507,625.66,2025-08-01
1944,e6768d82,202507,396.43,2025-08-01
1945,f4069279,202507,4656.04,2025-08-01
1946,92d48618,202507,346.02,2025-08-01
1946,9e945fa8,202507,3105.42,2025-08-01
1946,e592a818,202507,3282.77,2025-08-01
1947,23ffc884,202507,2694.49,2025-08-01
1947,5a7c274f,202507,1225.58,2025-08-01
1947,63989bd8,202507,3363.87,2025-08-01
1948,396c2d8b,202507,3774.85,2025-08-01
1948,40ba32dd,202507,3258.52,2025-08-01
1949,541b33ff,202507,2267.09,2025-08-01
1949,82c003ac,202507,1863.01,2025-08-01
1950,0723b5c6,202507,1417.09,2025-08-01
1950,438c26fa,202507,1676.7,2025-08-01
1950,e3cd6105,202507,4918.59,2025-08-01
1951,5abaa386,202507,3819.93,2025-08-01
1951,a62d7feb,202507,2998.87,2025-08-01
1951,f789d12d,202507,3621.36,2025-08-01
1952,12c1739e,202507,2864.84,2025-08-01
1953,5a369445,202507,1473.43,2025-08-01
1953,b1c57261,202507,4031.12,2025-08-01
1953,e02aa72a,202507,3309.55,2025-08-01
1954,348214f8,202507,4605.19,2025-08-01
1954,b0011e63,202507,3419.82,2025-08-01
1954,d30376f5,202507,1856.12,2025-08-01
1955,a1b8730f,202507,4530.64,2025-08-01
1955,ca01289e,202507,3483.29,2025-08-01
1955,ec2b4d0b,202507,3419.28,2025-08-01
1956,19e8d034,202507,2297.87,2025-08-01
1956,a84705b4,202507,3928.79,2025-08-01
1957,2a64a88f,202507,2524.32,2025-08-01
1957,2c9fd9e2,202507,2191.31,2025-08-01
1957,720f35e2,202507,3680.5,2025-08-01
1958,56ac6774,202507,1656.13,2025-08-01
1958,5e1e983b,202507,777.6,2025-08-01
1959,392db800,202507,3646.8,2025-08-01
1959,43d5c574,202507,3211.31,2025-08-01
1959,eb1827c1,202507,3516.33,2025-08-01
1960,5543b8e0,202507,282.04,2025-08-01
1960,d645d0f1,202507,3830.54,2025-08-01
1960,f4ef44c8,202507,2342.29,2025-08-01
1961,5ff701d3,202507,5312.8,2025-08-01
1961,f6ebfc48,202507,2920.04,2025-08-01
1962,5e9bdaeb,202507,4134.61,2025-08-01
1962,b0f6e936,202507,4196.95,2025-08-01
1963,19ad4521,202507,2546.95,2025-08-01
1963,8a3254d7,202507,221.9,2025-08-01
1964,643d5728,202507,3521.52,2025-08-01
1964,8ebf4625,202507,5091.74,2025-08-01
1964,b6eff5e8,202507,4254.26,2025-08-01
1965,5b7e200c,202507,5469.75,2025-08-01
1966,34e1de9a,202507,4027.59,2025-08-01
1966,5bebb01e,202507,4138.24,2025-08-01
1966,770a11c6,202507,4609.47,2025-08-01
1967,5f7a7fca,202507,2308.48,2025-08-01
1967,dade0c65,202507,5357.63,2025-08-01
1967,ff7a15c3,202507,1537.6,2025-08-01
1968,17f9be9e,202507,1812.73,2025-08-01
1968,d165c52e,202507,3973.91,2025-08-01
1969,1d5938e4,202507,2786.4,2025-08-01
1970,2368a272,202507,810.15,2025-08-01
1971,79277c84,202507,1804.84,2025-08-01
1971,ab581e39,202507,5719.03,2025-08-01
1972,416a29d7,202507,2960.88,2025-08-01
1972,a1d49bb0,202507,5472.88,2025-08-01
1972,d51e06c6,202507,1898.0,2025-08-01
1973,2cff76c2,202507,4488.93,2025-08-01
1973,36eafa5e,202507,2425.92,2025-08-01
1974,5b3e2f99,202507,2938.43,2025-08-01
1975,3022accd,202507,4717.85,2025-08-01
1975,a22e8980,202507,253.57,2025-08-01
1975,bb314b45,202507,1794.35,2025-08-01
1976,39406674,202507,1737.8,2025-08-01
1976,b88210d6,202507,597.36,2025-08-01
1977,bb831c78,202507,2231.64,2025-08-01
1977,d685d962,202507,5121.37,2025-08-01
1978,2c43e6a8,202507,3279.35,2025-08-01
1979,9b871773,202507,5125.43,2025-08-01
1980,109257a7,202507,2728.01,2025-08-01
1980,d687094b,202507,4443.15,2025-08-01
1981,998fb261,202507,3658.59,2025-08-01
1981,ac7b4abb,202507,1503.22,2025-08-01
1981,f6044d20,202507,2117.43,2025-08-01
1982,5f8dd284,202507,4855.93,2025-08-01
1982,77267db4,202507,1721.0,2025-08-01
1982,b243183f,202507,3483.52,2025-08-01
1983,9e870f19,202507,4186.61,2025-08-01
1984,ec7d0850,202507,1871.05,2025-08-01
1985,8e339bc7,202507,4480.44,2025-08-01
1986,bfe07a6a,202507,427.53,2025-08-01
1987,1368c721,202507,1763.26,2025-08-01
1987,7101deed,202507,2145.19,2025-08-01
1988,2a05ec22,202507,3420.18,2025-08-01
1989,d0fb368b,202507,2312.54,2025-08-01
1990,52b51b80,202507,2357.52,2025-08-01
1990,eb4c4396,202507,730.85,2025-08-01
1991,0b062837,202507,3403.83,2025-08-01
1991,84d196f9,202507,4953.22,2025-08-01
1991,c03226ec,202507,1643.17,2025-08-01
1992,ff6b52cc,202507,3545.45,2025-08-01
1993,286c92e1,202507,711.7,2025-08-01
1994,62bb2481,202507,2653.38,2025-08-01
1995,1fca1cc8,202507,4885.05,2025-08-01
1996,3d680edf,202507,5589.63,2025-08-01
1997,200de5ea,202507,5067.73,2025-08-01
1997,5d9a34d6,202507,2568.72,2025-08-01
1998,63f700cf,202507,3658.92,2025-08-01
1998,646b2dba,202507,474.78,2025-08-01
1998,e13841aa,202507,5958.7,2025-08-01
1999,102a6dd8,202507,5872.23,2025-08-01
1999,f6f72470,202507,5195.56,2025-08-01
2000,06165e0b,202507,2792.51,2025-08-01
2000,3513825f,202507,972.06,2025-08-01
2000,9da8e471,202507,4435.76,2025-08-01
